season,date,event,patch,blue_team,red_team,winner,blue_team_win,elo_diff,winrate_last_5_diff,winrate_last_10_diff,winrate_last_20_diff,matches_played_diff,days_since_last_match_diff,head_to_head_winrate_diff,blue_side_team_winrate,red_side_team_winrate
1,2011-06-18,Main,,TSM,Team_gamed_21-de,TSM,1,0.0,0.0,0.0,0.0,0,0,0.0,0.5,0.5
1,2011-06-18,Main,,Counter_Logic_Gaming,Xan,Counter_Logic_Gaming,1,0.0,0.0,0.0,0.0,0,0,0.0,0.5,0.5
1,2011-06-18,Main,,TSM,Counter_Logic_Gaming,TSM,1,0.0,0.0,0.0,0.0,0,0,0.0,1.0,0.5
1,2011-06-18,Main,,Team_gamed_21-de,Xan,Team_gamed_21-de,1,0.0,0.0,0.0,0.0,0,0,0.0,0.5,0.0
1,2011-06-18,Main,,TSM,Xan,Xan,0,64.0,1.0,1.0,1.0,0,0,0.0,1.0,0.0
1,2011-06-18,Main,,Team_gamed_21-de,Counter_Logic_Gaming,Counter_Logic_Gaming,0,0.0,0.0,0.0,0.0,0,0,0.0,1.0,0.0
1,2011-06-18,Main,,Against_All_authority,Pacific_eSports,Against_All_authority,1,0.0,0.0,0.0,0.0,0,0,0.0,0.5,0.5
1,2011-06-18,Main,,Epik_Gamer,Fnatic,Epik_Gamer,1,0.0,0.0,0.0,0.0,0,0,0.0,0.5,0.5
1,2011-06-18,Main,,Against_All_authority,Fnatic,Against_All_authority,1,32.0,1.0,1.0,1.0,0,0,0.0,1.0,0.0
1,2011-06-18,Main,,Epik_Gamer,Pacific_eSports,Epik_Gamer,1,32.0,1.0,1.0,1.0,0,0,0.0,1.0,0.0
1,2011-06-18,Main,,Fnatic,Pacific_eSports,Fnatic,1,0.0,0.0,0.0,0.0,0,0,0.0,0.5,0.0
1,2011-06-18,Main,,Against_All_authority,Epik_Gamer,Epik_Gamer,0,0.0,0.0,0.0,0.0,0,0,0.0,1.0,0.5
1,2011-06-19,Main,,Fnatic,Epik_Gamer,Fnatic,1,-61.06099694204886,-0.6666666666666667,-0.6666666666666667,-0.6666666666666667,0,0,-0.5,1.0,1.0
1,2011-06-19,Main,,Epik_Gamer,Fnatic,Fnatic,0,23.494267267221858,0.25,0.25,0.25,0,0,0.0,1.0,0.0
1,2011-06-19,Main,,TSM,Against_All_authority,Against_All_authority,0,-1.4449175531026413,0.0,0.0,0.0,0,0,0.0,0.6666666666666666,0.5
1,2011-06-19,Main,,Against_All_authority,TSM,Against_All_authority,1,33.311836495608986,0.25,0.25,0.25,0,0,0.5,0.6666666666666666,0.5
1,2011-06-19,Main,,TSM,Against_All_authority,TSM,1,-62.25307012291114,-0.4,-0.4,-0.4,0,0,-0.5,0.5,1.0
1,2011-06-19,Main,,Team_gamed_21-de,Counter_Logic_Gaming,Counter_Logic_Gaming,0,-32.0,-0.3333333333333333,-0.3333333333333333,-0.3333333333333333,0,0,-0.5,0.5,0.5
1,2011-06-19,Main,,Fnatic,Counter_Logic_Gaming,Fnatic,1,-9.197327257420511,-0.15000000000000002,-0.15000000000000002,-0.15000000000000002,1,0,0.0,1.0,0.6666666666666666
1,2011-06-19,Main,,Counter_Logic_Gaming,Fnatic,Fnatic,0,-23.649580068644354,-0.20000000000000007,-0.06666666666666665,-0.06666666666666665,-1,0,-0.5,1.0,0.3333333333333333
1,2011-06-19,Main,,Against_All_authority,Team_gamed_21-de,Against_All_authority,1,56.628504658462816,0.35,0.41666666666666663,0.41666666666666663,2,0,0.0,0.75,0.0
1,2011-06-20,Main,,Against_All_authority,Fnatic,Fnatic,0,-13.156183000826786,-0.4,0.0,0.0,0,0,0.5,0.8,0.5
1,2011-06-20,Main,,Fnatic,Against_All_authority,Against_All_authority,0,43.94503259048997,0.4,0.125,0.125,0,0,0.0,1.0,0.5
1,2011-06-20,Main,,Against_All_authority,TSM,Against_All_authority,1,40.61353951044907,0.19999999999999996,0.16666666666666663,0.16666666666666663,3,-1,0.16666666666666663,0.6666666666666666,0.0
1,2011-06-20,Main,,Epik_Gamer,TSM,TSM,0,23.286905659761032,0.39999999999999997,0.17142857142857143,0.17142857142857143,-2,1,0.0,0.6666666666666666,0.0
1,2011-06-20,Main,,TSM,Epik_Gamer,TSM,1,10.854691628549972,0.0,0.0,0.0,2,0,0.5,0.6,0.5
1,2011-06-20,Main,,Fnatic,Against_All_authority,Fnatic,1,-6.219157634479643,0.20000000000000007,-0.033333333333333326,-0.033333333333333326,-1,0,-0.16666666666666669,0.75,0.6666666666666666
1,2011-06-20,Main,,Against_All_authority,Fnatic,Fnatic,0,-26.35358678102625,-0.20000000000000007,-0.09999999999999998,-0.0636363636363636,1,0,0.0,0.7142857142857143,0.6
2,2012-10-04,Main,,NaJin_Black_Sword,Saigon_Jokers,NaJin_Black_Sword,1,0.0,0.0,0.0,0.0,0,0,0.0,0.5,0.5
2,2012-10-04,Main,,Dignitas,Counter_Logic_Gaming_Europe,Counter_Logic_Gaming_Europe,0,0.0,0.0,0.0,0.0,0,0,0.0,0.5,0.5
2,2012-10-04,Main,,Invictus_Gaming,SK_Gaming,Invictus_Gaming,1,0.0,0.0,0.0,0.0,0,0,0.0,0.5,0.5
2,2012-10-04,Main,,Azubu_Frost,Counter_Logic_Gaming,Azubu_Frost,1,0.8055307479385192,0.09999999999999998,0.0,0.0,-6,-474,0.0,0.5,0.5
2,2012-10-04,Main,,SK_Gaming,Counter_Logic_Gaming,Counter_Logic_Gaming,0,0.7684347525648718,-0.4,-0.42857142857142855,-0.42857142857142855,-6,0,0.0,0.5,0.4
2,2012-10-04,Main,,SK_Gaming,Azubu_Frost,Azubu_Frost,0,-47.99829167504754,-1.0,-1.0,-1.0,1,0,0.0,0.0,0.5
2,2012-10-04,Main,,Invictus_Gaming,Counter_Logic_Gaming,Invictus_Gaming,1,16.733047082143685,0.6,0.5,0.5,-7,0,0.0,1.0,0.5
2,2012-10-04,Main,,Azubu_Frost,Invictus_Gaming,Azubu_Frost,1,-1.4635532998963754,0.0,0.0,0.0,0,0,0.0,1.0,0.5
2,2012-10-05,Main,,TSM,Azubu_Frost,Azubu_Frost,0,-25.882848049548784,-0.4,-0.4444444444444444,-0.4444444444444444,6,472,0.0,0.6666666666666666,1.0
2,2012-10-05,Main,,NaJin_Black_Sword,Taipei_Assassins,Taipei_Assassins,0,16.0,0.5,0.5,0.5,1,2,0.0,1.0,0.5
2,2012-10-05,Main,,Taipei_Assassins,NaJin_Black_Sword,Taipei_Assassins,1,17.47261358704418,0.5,0.5,0.5,-1,0,0.5,0.5,0.5
2,2012-10-05,Main,,Invictus_Gaming,Moscow_Five,Moscow_Five,0,15.162611231319033,0.16666666666666663,0.16666666666666663,0.16666666666666663,3,2,0.0,1.0,0.5
2,2012-10-05,Main,,Moscow_Five,Invictus_Gaming,Moscow_Five,1,18.23303094707876,0.5,0.5,0.5,-3,0,0.5,0.5,0.0
2,2012-10-05,Main,,Dignitas,NaJin_Black_Sword,NaJin_Black_Sword,0,-0.06765914048014565,-0.3333333333333333,-0.3333333333333333,-0.3333333333333333,-2,1,0.0,0.0,0.0
2,2012-10-05,Main,,Dignitas,Saigon_Jokers,Saigon_Jokers,0,-15.996884181473888,0.0,0.0,0.0,1,-1,0.0,0.0,0.0
2,2012-10-05,Main,,Saigon_Jokers,Counter_Logic_Gaming_Europe,Counter_Logic_Gaming_Europe,0,-16.736163608592506,-0.5,-0.5,-0.5,1,-1,0.0,0.5,1.0
2,2012-10-05,Main,,Counter_Logic_Gaming_Europe,NaJin_Black_Sword,NaJin_Black_Sword,0,31.16532344203597,0.5,0.5,0.5,-2,0,0.0,0.5,0.5
2,2012-10-06,Main,,Azubu_Frost,TSM,Azubu_Frost,1,55.50334991308614,0.4,0.5,0.5,-6,0,0.5,1.0,0.3333333333333333
2,2012-10-07,Main,,Team_WE,Counter_Logic_Gaming_Europe,Counter_Logic_Gaming_Europe,0,-13.798487611099063,-0.16666666666666663,-0.16666666666666663,-0.16666666666666663,-3,-3,0.0,0.5,1.0
2,2012-10-07,Main,,Counter_Logic_Gaming_Europe,Team_WE,Team_WE,0,44.52826770511956,0.75,0.75,0.75,3,0,0.5,0.0,0.5
2,2012-10-11,Main,,Counter_Logic_Gaming_Europe,Azubu_Frost,Azubu_Frost,0,-62.9856772142864,-0.4,-0.4,-0.4,0,-1,0.0,0.0,1.0
2,2012-10-11,Main,,Azubu_Frost,Counter_Logic_Gaming_Europe,Azubu_Frost,1,89.24720975882224,0.6,0.5,0.5,0,0,0.5,1.0,1.0
2,2012-10-11,Main,,Counter_Logic_Gaming_Europe,Azubu_Frost,Counter_Logic_Gaming_Europe,1,-113.20338660194852,-0.8,-0.5714285714285714,-0.5714285714285714,0,0,-0.5,0.0,1.0
2,2012-10-11,Main,,Counter_Logic_Gaming_Europe,Team_WE,Counter_Logic_Gaming_Europe,1,4.376754278507406,-0.09999999999999998,0.0,0.0,6,-4,0.0,0.25,1.0
2,2012-10-11,Main,,Moscow_Five,Taipei_Assassins,Taipei_Assassins,0,-0.07341190464467218,0.0,0.0,0.0,0,0,0.0,1.0,1.0
2,2012-10-11,Main,,Taipei_Assassins,Moscow_Five,Taipei_Assassins,1,32.066650418454174,0.33333333333333337,0.33333333333333337,0.33333333333333337,0,0,0.5,1.0,1.0
2,2012-10-11,Main,,Moscow_Five,Taipei_Assassins,Moscow_Five,1,-61.12156051940565,-0.5,-0.5,-0.5,0,0,-0.5,0.5,1.0
2,2012-10-14,Main,,Azubu_Frost,Taipei_Assassins,Taipei_Assassins,0,34.51187768591922,0.0,0.07499999999999996,0.07499999999999996,3,0,0.0,1.0,0.6666666666666666
2,2012-10-14,Main,,Taipei_Assassins,Azubu_Frost,Taipei_Assassins,1,0.6563701160491746,0.20000000000000007,0.05555555555555558,0.05555555555555558,-3,0,0.5,1.0,0.75
2,2012-10-14,Main,,Azubu_Frost,Taipei_Assassins,Taipei_Assassins,0,-32.59591626618135,-0.4,-0.15714285714285714,-0.15714285714285714,3,0,-0.5,0.8,0.75
2,2012-10-14,Main,,Taipei_Assassins,Azubu_Frost,Azubu_Frost,0,61.602498895714916,0.6000000000000001,0.275,0.23863636363636365,-3,0,0.5,1.0,0.6
3,2013-09-15,Main,,Oh_My_God,SK_Telecom_T1,Oh_My_God,1,0.0,0.0,0.0,0.0,0,0,0.0,0.5,0.5
3,2013-09-15,Main,,Lemondogs,GamingGear_2e-eu,Lemondogs,1,0.0,0.0,0.0,0.0,0,0,0.0,0.5,0.5
3,2013-09-15,Main,,TSM,Oh_My_God,Oh_My_God,0,-24.32474388801802,-0.6,-0.6,-0.5454545454545454,10,344,0.0,0.5714285714285714,0.5
3,2013-09-15,Main,,SK_Telecom_T1,Lemondogs,SK_Telecom_T1,1,-32.0,-1.0,-1.0,-1.0,0,0,0.0,0.5,0.5
3,2013-09-15,Main,,GamingGear_2e-eu,TSM,TSM,0,7.206374746328038,-0.4,-0.3,-0.4166666666666667,-11,0,0.0,0.5,0.25
3,2013-09-16,Main,,Gambit_Gaming,Samsung_White,Gambit_Gaming,1,0.0,0.0,0.0,0.0,0,0,0.0,0.5,0.5
3,2013-09-16,Main,,Mineski,Fnatic,Fnatic,0,-81.12567202322657,-0.30000000000000004,-0.30000000000000004,-0.2272727272727273,-11,-820,0.0,0.5,0.6666666666666666
3,2013-09-16,Main,,Samsung_White,Team_Vulcun,Samsung_White,1,-16.0,-0.5,-0.5,-0.5,1,1,0.0,0.5,0.5
3,2013-09-16,Main,,Gambit_Gaming,Mineski,Gambit_Gaming,1,28.330472996443405,1.0,1.0,1.0,0,0,0.0,1.0,0.5
3,2013-09-16,Main,,Team_Vulcun,Fnatic,Team_Vulcun,1,-110.19245181319206,-0.8,-0.9,-0.75,-11,0,0.0,0.5,0.7142857142857143
3,2013-09-17,Main,,Fnatic,Gambit_Gaming,Fnatic,1,41.84694909915697,-0.4,-0.19999999999999996,-0.3076923076923077,11,0,0.0,0.8,0.5
3,2013-09-17,Main,,Mineski,Team_Vulcun,Team_Vulcun,0,-31.203362123434317,-0.5,-0.5,-0.5,0,0,0.0,0.0,0.0
3,2013-09-17,Main,,Samsung_White,Fnatic,Fnatic,0,-85.89100170497613,-0.30000000000000004,-0.30000000000000004,-0.2142857142857143,-12,1,0.0,1.0,0.625
3,2013-09-17,Main,,Team_Vulcun,Gambit_Gaming,Gambit_Gaming,0,2.125479379938497,0.0,0.0,0.0,0,0,0.0,1.0,0.0
3,2013-09-17,Main,,Mineski,Samsung_White,Samsung_White,0,-30.20865098831723,-0.3333333333333333,-0.3333333333333333,-0.3333333333333333,0,0,0.0,0.0,0.0
3,2013-09-18,Main,,SK_Telecom_T1,TSM,SK_Telecom_T1,1,8.344058036974502,0.09999999999999998,0.09999999999999998,0.038461538461538436,-11,0,0.0,1.0,0.4
3,2013-09-18,Main,,GamingGear_2e-eu,Oh_My_God,Oh_My_God,0,-63.213449096639124,-1.0,-1.0,-1.0,0,0,0.0,0.0,1.0
3,2013-09-18,Main,,TSM,Lemondogs,TSM,1,-21.02087076571297,-0.3,-0.09999999999999998,-0.07142857142857145,12,-3,0.0,0.5,0.0
3,2013-09-18,Main,,SK_Telecom_T1,GamingGear_2e-eu,SK_Telecom_T1,1,62.53775105483328,0.6666666666666666,0.6666666666666666,0.6666666666666666,0,0,0.0,1.0,0.0
3,2013-09-18,Main,,Lemondogs,Oh_My_God,Oh_My_God,0,-62.438615276240625,-0.6666666666666667,-0.6666666666666667,-0.6666666666666667,0,0,0.0,1.0,1.0
3,2013-09-20,Main,,Team_Vulcun,Mineski,Team_Vulcun,1,58.85158298033707,0.5,0.5,0.5,0,0,0.5,0.5,0.0
3,2013-09-20,Main,,Fnatic,Samsung_White,Fnatic,1,95.52512513742772,0.30000000000000004,0.30000000000000004,0.23333333333333328,11,0,0.5,0.8333333333333334,0.5
3,2013-09-20,Main,,Mineski,Gambit_Gaming,Gambit_Gaming,0,-102.23727632385885,-0.75,-0.75,-0.75,1,-3,-0.5,0.0,0.5
3,2013-09-20,Main,,Fnatic,Team_Vulcun,Fnatic,1,94.4999538259226,0.20000000000000007,0.20000000000000007,0.15000000000000002,11,0,-0.5,0.8571428571428571,0.5
3,2013-09-20,Main,,Samsung_White,Gambit_Gaming,Samsung_White,1,-52.620191781322546,-0.4,-0.4,-0.4,0,0,-0.5,0.5,0.6666666666666666
3,2013-09-21,Main,,Samsung_White,Mineski,Samsung_White,1,90.86826812044569,0.6,0.5,0.5,0,0,0.5,0.6666666666666666,0.0
3,2013-09-21,Main,,Gambit_Gaming,Team_Vulcun,Gambit_Gaming,1,21.525478539224423,0.0,0.16666666666666663,0.16666666666666663,0,0,0.5,1.0,0.3333333333333333
3,2013-09-21,Main,,Fnatic,Mineski,Fnatic,1,215.06609214420382,0.8,0.8,0.7647058823529411,10,1,0.5,0.875,0.0
3,2013-09-21,Main,,Team_Vulcun,Samsung_White,Samsung_White,0,-32.63328287598051,-0.19999999999999996,-0.14285714285714285,-0.14285714285714285,0,0,-0.5,0.6666666666666666,0.3333333333333333
3,2013-09-21,Main,,Gambit_Gaming,Fnatic,Fnatic,0,-88.66218122000419,-0.4,-0.08571428571428574,-0.06349206349206349,-11,0,-0.5,1.0,0.6666666666666666
3,2013-09-21,Main,,Oh_My_God,TSM,Oh_My_God,1,62.68090737178295,0.6,0.5,0.5333333333333333,-11,0,0.5,1.0,0.3333333333333333
3,2013-09-21,Main,,GamingGear_2e-eu,Lemondogs,Lemondogs,0,-27.011644003967376,-0.25,-0.25,-0.25,0,0,-0.5,0.0,0.0
3,2013-09-21,Main,,TSM,SK_Telecom_T1,SK_Telecom_T1,0,-48.903909740075505,-0.35,-0.35,-0.3125,12,-3,-0.5,0.5555555555555556,0.0
3,2013-09-21,Main,,Oh_My_God,GamingGear_2e-eu,Oh_My_God,1,143.66349177695338,1.0,1.0,1.0,0,0,0.5,1.0,0.0
3,2013-09-21,Main,,Lemondogs,SK_Telecom_T1,SK_Telecom_T1,0,-60.831657642045,-0.4,-0.4,-0.4,0,0,-0.5,0.5,0.5
3,2013-09-22,Main,,SK_Telecom_T1,Oh_My_God,SK_Telecom_T1,1,-22.81317250752204,0.0,-0.16666666666666663,-0.16666666666666663,0,0,-0.5,1.0,1.0
3,2013-09-22,Main,,Samsung_White,Gambit_Gaming,Gambit_Gaming,0,7.5927652868365385,0.20000000000000007,0.0,0.0,0,0,0.0,0.75,0.5
3,2013-09-22,Main,,TSM,GamingGear_2e-eu,GamingGear_2e-eu,0,50.66822855078567,0.4,0.4,0.4117647058823529,11,0,0.5,0.5,0.0
3,2013-09-22,Main,,Oh_My_God,Lemondogs,Oh_My_God,1,93.04950835695877,0.6000000000000001,0.5238095238095237,0.5238095238095237,1,-1,0.5,1.0,0.3333333333333333
3,2013-09-22,Main,,GamingGear_2e-eu,SK_Telecom_T1,SK_Telecom_T1,0,-139.05643492310105,-0.8,-0.7142857142857142,-0.7142857142857142,0,0,-0.5,0.0,0.6666666666666666
3,2013-09-22,Main,,Lemondogs,TSM,Lemondogs,1,8.873119157091423,0.0,-0.01428571428571429,-0.1031746031746032,-11,0,-0.5,0.3333333333333333,0.2857142857142857
3,2013-09-23,Main,,Gambit_Gaming,NaJin_Black_Sword,Gambit_Gaming,1,27.592538337054748,0.0,0.06666666666666665,0.06666666666666665,4,-352,0.0,0.75,0.6666666666666666
3,2013-09-23,Main,,Fnatic,Cloud9,Fnatic,1,141.4077145203903,0.5,0.4,0.2894736842105263,19,3,0.0,0.8888888888888888,0.5
3,2013-09-23,Main,,Cloud9,Fnatic,Cloud9,1,-161.05808397047463,-1.0,-0.9,-0.8,-19,0,-0.5,0.5,0.7
3,2013-09-23,Main,,Fnatic,Cloud9,Fnatic,1,115.20262043999605,0.30000000000000004,0.30000000000000004,0.30000000000000004,19,0,0.0,0.9,0.0
3,2013-09-24,Main,,Gambit_Gaming,NaJin_Black_Sword,NaJin_Black_Sword,0,57.05650113981005,0.19999999999999996,0.19999999999999996,0.19999999999999996,4,0,0.5,0.8,0.5
3,2013-09-24,Main,,NaJin_Black_Sword,Gambit_Gaming,NaJin_Black_Sword,1,-19.84814030183702,0.0,-0.02857142857142858,-0.06493506493506496,-4,0,0.0,0.5,0.6
3,2013-09-25,Main,,Oh_My_God,Royal_Club,Royal_Club,0,74.80417995923858,0.30000000000000004,0.375,0.375,8,4,0.0,1.0,0.5
3,2013-09-25,Main,,Royal_Club,Oh_My_God,Royal_Club,1,-36.01898198670756,0.4,0.2222222222222222,0.2222222222222222,-8,0,0.5,0.5,0.75
3,2013-09-25,Main,,SK_Telecom_T1,Gamania_Bears,SK_Telecom_T1,1,84.1922349234926,0.5,0.375,0.375,8,4,0.0,1.0,0.5
3,2013-09-25,Main,,Gamania_Bears,SK_Telecom_T1,SK_Telecom_T1,0,-108.58614372533316,-1.0,-0.8888888888888888,-0.8888888888888888,-8,0,-0.5,0.5,0.75
3,2013-09-28,Main,,Royal_Club,Fnatic,Royal_Club,1,-102.14071689487196,0.19999999999999996,0.19999999999999996,0.15000000000000002,-20,-2,0.0,1.0,0.6363636363636364
3,2013-09-28,Main,,Fnatic,Royal_Club,Fnatic,1,60.995177228755665,-0.4,-0.19999999999999996,-0.19999999999999996,20,0,-0.5,0.9090909090909091,1.0
3,2013-09-28,Main,,Royal_Club,Fnatic,Royal_Club,1,-87.43432651120725,0.15000000000000002,-0.050000000000000044,-0.050000000000000044,-20,0,0.0,1.0,0.5833333333333334
3,2013-09-28,Main,,Fnatic,Royal_Club,Royal_Club,0,47.54712964435089,-0.4,-0.10000000000000009,-0.050000000000000044,20,0,-0.16666666666666669,0.9166666666666666,0.5
3,2013-09-28,Main,,SK_Telecom_T1,NaJin_Black_Sword,SK_Telecom_T1,1,69.2641407027254,0.19999999999999996,0.275,0.275,2,-1,0.0,1.0,0.6
3,2013-09-28,Main,,NaJin_Black_Sword,SK_Telecom_T1,SK_Telecom_T1,0,-94.9678697829745,-0.4,-0.4444444444444444,-0.3535353535353535,-2,0,-0.5,0.6666666666666666,0.8
3,2013-09-28,Main,,SK_Telecom_T1,NaJin_Black_Sword,NaJin_Black_Sword,0,118.43252567449645,0.6,0.5,0.41666666666666663,2,0,0.5,1.0,0.5
3,2013-09-28,Main,,NaJin_Black_Sword,SK_Telecom_T1,SK_Telecom_T1,0,-75.92822441525504,-0.20000000000000007,-0.4,-0.30069930069930073,-2,0,-0.16666666666666669,0.5,0.8333333333333334
3,2013-09-28,Main,,SK_Telecom_T1,NaJin_Black_Sword,NaJin_Black_Sword,0,101.04422086766817,0.4,0.4,0.3571428571428571,2,0,0.25,0.8571428571428571,0.5714285714285714
3,2013-10-05,Main,,SK_Telecom_T1,Royal_Club,SK_Telecom_T1,1,20.390723307592907,-0.20000000000000007,-0.033333333333333326,-0.033333333333333326,9,0,0.0,0.75,0.6666666666666666
3,2013-10-05,Main,,SK_Telecom_T1,Royal_Club,SK_Telecom_T1,1,50.51482159283705,0.0,0.08571428571428574,0.0982142857142857,9,0,0.5,0.7777777777777778,0.5
3,2013-10-05,Main,,Royal_Club,SK_Telecom_T1,SK_Telecom_T1,0,-77.89474375308782,-0.19999999999999996,-0.17500000000000004,-0.19852941176470584,-9,0,-0.5,1.0,0.8571428571428571
4,2014-09-18,Main,4.14,Royal_Club,TSM,Royal_Club,1,107.63345317272888,0.2,0.35555555555555557,0.18713450292397665,-10,-13,0.0,0.75,0.25
4,2014-09-18,Main,4.14,Samsung_White,Ahq_eSports_Club,Samsung_White,1,19.98201787925518,0.09999999999999998,0.05555555555555558,0.05555555555555558,9,362,0.0,0.6,0.5
4,2014-09-18,Main,4.14,Taipei_Assassins,Royal_Club,Royal_Club,0,20.429462427817725,0.19999999999999996,0.1777777777777778,0.1777777777777778,-1,704,0.0,0.75,0.4
4,2014-09-18,Main,4.14,Dark_Passage,Ahq_eSports_Club,Ahq_eSports_Club,0,15.080807327129378,0.5,0.5,0.5,-1,-1,0.0,0.5,0.0
4,2014-09-18,Main,4.14,TSM,SK_Gaming,TSM,1,-31.695992737225197,0.0,0.2,0.35,17,-714,0.0,0.45454545454545453,0.0
4,2014-09-18,Main,4.14,EDward_Gaming,Samsung_White,Samsung_White,0,-35.06282520638456,-0.30000000000000004,-0.09999999999999998,-0.09999999999999998,-10,-1,0.0,0.5,0.5
4,2014-09-19,Main,4.14,EDward_Gaming,Ahq_eSports_Club,EDward_Gaming,1,-16.004010383857803,-0.5,-0.5,-0.5,-1,0,0.0,0.0,0.5
4,2014-09-19,Main,4.14,TSM,Taipei_Assassins,TSM,1,-116.0595792297488,-0.39999999999999997,-0.39999999999999997,-0.35,11,0,0.0,0.5,0.8
4,2014-09-19,Main,4.14,Dark_Passage,Samsung_White,Samsung_White,0,-66.14764291737174,-0.8,-0.7,-0.6363636363636364,-10,0,0.0,0.0,0.6
4,2014-09-19,Main,4.14,Royal_Club,SK_Gaming,Royal_Club,1,132.72481841851913,0.4,0.6,0.6363636363636364,7,0,0.0,0.8,0.0
4,2014-09-19,Main,4.14,EDward_Gaming,Dark_Passage,EDward_Gaming,1,32.02986395210314,0.5,0.5,0.5,0,0,0.0,0.5,0.5
4,2014-09-19,Main,4.14,Taipei_Assassins,SK_Gaming,Taipei_Assassins,1,108.28912719262144,0.4,0.6,0.6363636363636364,6,0,0.0,0.6,0.0
4,2014-09-20,Main,4.14,SK_Gaming,Taipei_Assassins,SK_Gaming,1,-130.6262235037252,-0.4,-0.6,-0.6666666666666666,-6,0,-0.5,0.0,0.6666666666666666
4,2014-09-20,Main,4.14,Dark_Passage,EDward_Gaming,EDward_Gaming,0,-61.08813354592735,-0.6666666666666666,-0.6666666666666666,-0.6666666666666666,0,0,-0.5,0.0,0.5
4,2014-09-20,Main,4.14,Taipei_Assassins,TSM,TSM,0,63.17199197975242,-0.2,0.09999999999999998,0.26538461538461544,-9,-1,-0.5,0.6666666666666666,0.2222222222222222
4,2014-09-20,Main,4.14,Ahq_eSports_Club,Samsung_White,Samsung_White,0,-77.56688787757844,-0.46666666666666673,-0.36666666666666664,-0.3333333333333333,-9,0,-0.5,0.5,0.6666666666666666
4,2014-09-20,Main,4.14,SK_Gaming,Royal_Club,Royal_Club,0,-142.48355885798014,-0.39999999999999997,-0.45714285714285713,-0.5238095238095237,-5,-1,-0.5,0.3333333333333333,0.5
4,2014-09-20,Main,4.14,Samsung_White,Dark_Passage,Samsung_White,1,132.35843896279812,0.8,0.8,0.6923076923076923,9,0,0.5,0.6666666666666666,0.0
4,2014-09-21,Main,4.14,EDward_Gaming,Ahq_eSports_Club,EDward_Gaming,1,57.69963071462735,0.5,0.5,0.5,0,0,0.5,0.6666666666666666,0.3333333333333333
4,2014-09-21,Main,4.14,Samsung_White,EDward_Gaming,Samsung_White,1,41.65583383613375,0.19999999999999996,0.0,-0.08571428571428574,9,1,0.5,0.7142857142857143,1.0
4,2014-09-21,Main,4.14,SK_Gaming,TSM,SK_Gaming,1,-52.62028778013132,-0.39999999999999997,-0.275,-0.275,-15,0,-0.5,0.25,0.3
4,2014-09-21,Main,4.14,Ahq_eSports_Club,EDward_Gaming,Ahq_eSports_Club,1,-70.34280480977009,-0.6000000000000001,-0.4666666666666666,-0.4666666666666666,-1,0,-0.5,0.0,0.5
4,2014-09-21,Main,4.14,Royal_Club,Taipei_Assassins,Royal_Club,1,84.01249297791855,0.6000000000000001,0.19999999999999996,0.1208791208791209,-1,0,0.5,0.8333333333333334,0.5714285714285714
4,2014-09-21,Main,4.14,Ahq_eSports_Club,Dark_Passage,Ahq_eSports_Club,1,45.831581879108626,0.4,0.3333333333333333,0.3333333333333333,1,-1,0.5,0.5,0.0
4,2014-09-21,Main,4.14,TSM,Royal_Club,TSM,1,-140.0390698010517,-0.4,-0.29999999999999993,-0.3142857142857143,10,0,-0.5,0.5384615384615384,0.5714285714285714
4,2014-09-25,Main,4.14,Cloud9,KaBuM_21-_Esports,Cloud9,1,2.2215802958248787,-0.16666666666666669,-0.16666666666666669,-0.16666666666666669,3,368,0.0,1.0,0.5
4,2014-09-25,Main,4.14,Fnatic,LMQ,LMQ,0,93.71328210674255,-0.09999999999999998,0.09999999999999998,0.19999999999999996,26,363,0.0,0.8461538461538461,0.5
4,2014-09-25,Main,4.14,Cloud9,Alliance,Cloud9,1,18.119274136678996,0.0,0.0,0.0,4,1,0.0,1.0,0.5
4,2014-09-25,Main,4.14,Samsung_Blue,Oh_My_God,Samsung_Blue,1,-37.75876262954512,0.09999999999999998,-0.19999999999999996,-0.19999999999999996,-10,-366,0.0,0.5,0.6
4,2014-09-25,Main,4.14,NaJin_White_Shield,KaBuM_21-_Esports,NaJin_White_Shield,1,15.897693840854117,0.5,0.5,0.5,-1,-1,0.0,0.5,0.0
4,2014-09-25,Main,4.14,LMQ,Oh_My_God,LMQ,1,0.18723405831269702,0.8,0.4,0.36363636363636365,-10,0,0.0,0.5,0.5
4,2014-09-26,Main,4.14,Samsung_Blue,LMQ,Samsung_Blue,1,-18.473291059724488,0.0,0.0,0.0,-1,0,0.0,1.0,1.0
4,2014-09-26,Main,4.14,Alliance,KaBuM_21-_Esports,Alliance,1,15.99975625726438,0.0,0.0,0.0,-1,0,0.0,0.5,0.0
4,2014-09-26,Main,4.14,Oh_My_God,Fnatic,Oh_My_God,1,-69.46398352507936,0.0,0.0,-0.06666666666666665,-15,0,0.0,0.8,0.5384615384615384
4,2014-09-26,Main,4.14,NaJin_White_Shield,Cloud9,NaJin_White_Shield,1,-18.017211720268733,0.4,0.4,0.4,-4,0,0.0,1.0,0.0
4,2014-09-26,Main,4.14,Samsung_Blue,Fnatic,Fnatic,0,-19.760378443179434,0.8,0.6,0.4,-26,0,0.0,1.0,0.5
4,2014-09-26,Main,4.14,NaJin_White_Shield,Alliance,NaJin_White_Shield,1,32.000002798356945,0.5,0.5,0.5,0,0,0.0,1.0,0.0
4,2014-09-27,Main,4.14,Alliance,NaJin_White_Shield,Alliance,1,-61.060999484841886,-0.6666666666666667,-0.6666666666666667,-0.6666666666666667,0,0,-0.5,1.0,0.5
4,2014-09-27,Main,4.14,Oh_My_God,Samsung_Blue,Samsung_Blue,0,3.701338346528928,-0.4666666666666666,-0.16666666666666663,-0.05128205128205121,10,0,-0.5,0.8333333333333334,0.5
4,2014-09-27,Main,4.14,KaBuM_21-_Esports,NaJin_White_Shield,NaJin_White_Shield,0,-74.27430126284344,-0.75,-0.75,-0.75,-1,1,-0.5,0.5,0.0
4,2014-09-27,Main,4.14,LMQ,Fnatic,Fnatic,0,-50.07791967554567,0.4666666666666666,0.2666666666666666,0.016666666666666607,-26,0,0.5,1.0,0.5333333333333333
4,2014-09-27,Main,4.14,Alliance,Cloud9,Alliance,1,-12.106387327264656,-0.09999999999999998,0.0,0.0,-2,-1,-0.5,1.0,0.0
4,2014-09-27,Main,4.14,Fnatic,Oh_My_God,Oh_My_God,0,76.12111367180933,0.2,0.0,0.07857142857142863,16,0,-0.5,0.7857142857142857,0.42857142857142855
4,2014-09-28,Main,4.14,NaJin_White_Shield,Cloud9,NaJin_White_Shield,1,40.575889710752335,0.4,0.3714285714285715,0.3714285714285715,-2,0,0.5,1.0,0.0
4,2014-09-28,Main,4.14,Oh_My_God,LMQ,Oh_My_God,1,20.82660920271246,-0.09999999999999998,-0.09999999999999998,0.09999999999999998,11,0,-0.5,0.7142857142857143,0.5
4,2014-09-28,Main,4.14,Cloud9,NaJin_White_Shield,Cloud9,1,-68.85561062268584,-0.4,-0.45833333333333337,-0.45833333333333337,2,0,-0.5,1.0,0.5
4,2014-09-28,Main,4.14,Fnatic,Samsung_Blue,Samsung_Blue,0,28.031086503836605,-0.35,-0.35,-0.15000000000000002,27,0,0.5,0.7333333333333333,1.0
4,2014-09-28,Main,4.14,KaBuM_21-_Esports,Alliance,KaBuM_21-_Esports,1,-79.96803913505596,-0.6,-0.6,-0.6,-1,0,-0.5,0.0,0.0
4,2014-09-28,Main,4.14,LMQ,Samsung_Blue,Samsung_Blue,0,-62.34582321346352,-0.4,-0.4,-0.4,0,0,-0.5,0.5,1.0
4,2014-09-28,Main,4.14,KaBuM_21-_Esports,Cloud9,Cloud9,0,-44.33104199089462,-0.2,-0.2444444444444444,-0.2444444444444444,-4,0,-0.5,0.5,0.0
4,2014-10-03,Main,4.14,TSM,Samsung_White,Samsung_White,0,-115.53508783148845,-0.19999999999999996,-0.5,-0.28333333333333327,10,0,0.0,0.5714285714285714,0.7142857142857143
4,2014-10-03,Main,4.14,Samsung_White,TSM,TSM,0,137.26954280808468,0.4,0.5,0.35,-10,0,0.5,0.75,0.2727272727272727
4,2014-10-03,Main,4.14,TSM,Samsung_White,Samsung_White,0,-93.24576787659089,-0.20000000000000007,-0.30000000000000004,-0.2558823529411765,10,0,0.0,0.5333333333333333,0.75
4,2014-10-03,Main,4.14,Samsung_White,TSM,Samsung_White,1,116.85794468825134,0.4,0.30000000000000004,0.3222222222222222,-10,0,0.16666666666666663,0.6666666666666666,0.3333333333333333
4,2014-10-04,Main,4.14,Cloud9,Samsung_Blue,Samsung_Blue,0,-47.24980803491735,-0.4,-0.33333333333333337,-0.33333333333333337,4,0,0.0,1.0,1.0
4,2014-10-04,Main,4.14,Samsung_Blue,Cloud9,Samsung_Blue,1,74.92457197619751,0.4,0.3571428571428571,0.40259740259740256,-4,0,0.5,0.6666666666666666,0.16666666666666666
4,2014-10-04,Main,4.14,Cloud9,Samsung_Blue,Samsung_Blue,0,-100.12878480580503,-0.6,-0.475,-0.4583333333333333,4,0,-0.5,0.8,1.0
4,2014-10-04,Main,4.14,Samsung_Blue,Cloud9,Cloud9,0,123.1536952416509,0.6,0.4888888888888888,0.5042735042735043,-4,0,0.5,0.75,0.14285714285714285
4,2014-10-05,Main,4.14,Royal_Club,EDward_Gaming,Royal_Club,1,69.2951220514542,0.20000000000000007,0.02857142857142858,0.09523809523809523,8,0,0.0,0.8571428571428571,0.3333333333333333
4,2014-10-05,Main,4.14,EDward_Gaming,Royal_Club,EDward_Gaming,1,-94.9961081617862,-0.4,-0.09999999999999998,-0.1875,-8,0,-0.5,0.75,0.5
4,2014-10-05,Main,4.14,Royal_Club,EDward_Gaming,EDward_Gaming,0,54.458348291443144,0.19999999999999996,0.0444444444444444,0.09150326797385622,8,0,0.0,0.875,0.25
4,2014-10-05,Main,4.14,EDward_Gaming,Royal_Club,Royal_Club,0,-17.48322639338585,0.0,0.0,-0.011111111111111183,-8,0,0.16666666666666663,0.8,0.4444444444444444
4,2014-10-05,Main,4.14,Royal_Club,EDward_Gaming,Royal_Club,1,47.87431951926874,0.0,0.09999999999999998,0.0861244019138756,8,0,0.0,0.7777777777777778,0.4
4,2014-10-06,Main,4.14,NaJin_White_Shield,Oh_My_God,Oh_My_God,0,-6.02936121379571,0.0,0.3142857142857143,0.0892857142857143,-9,0,0.0,1.0,0.5
4,2014-10-06,Main,4.14,Oh_My_God,NaJin_White_Shield,Oh_My_God,1,37.474092263808416,0.4,-0.125,0.022058823529411797,9,0,0.5,0.75,0.3333333333333333
4,2014-10-06,Main,4.14,NaJin_White_Shield,Oh_My_God,Oh_My_God,0,-66.03592323226803,-0.4,0.05555555555555558,-0.11111111111111105,-9,0,-0.5,0.8,0.5555555555555556
4,2014-10-11,Main,4.14,Samsung_Blue,Samsung_White,Samsung_White,0,-28.062522632643777,0.0,-0.09999999999999998,0.06315789473684219,-9,-1,0.0,0.6,0.7777777777777778
4,2014-10-11,Main,4.14,Samsung_White,Samsung_Blue,Samsung_White,1,57.4834747949144,0.20000000000000007,0.20000000000000007,0.022727272727272707,9,0,0.5,0.7,1.0
4,2014-10-11,Main,4.14,Samsung_Blue,Samsung_White,Samsung_White,0,-84.23683769236959,-0.4,-0.30000000000000004,-0.13333333333333341,-9,0,-0.5,0.5,0.8
4,2014-10-12,Main,4.14,Royal_Club,Oh_My_God,Royal_Club,1,-1.9482210587566442,-0.4,0.09999999999999998,-0.03421052631578947,1,1,0.5,0.8,0.6
4,2014-10-12,Main,4.14,Oh_My_God,Royal_Club,Oh_My_God,1,-30.231214851272853,0.20000000000000007,-0.09999999999999998,0.0,-1,0,-0.5,0.7777777777777778,0.5
4,2014-10-12,Main,4.14,Royal_Club,Oh_My_God,Royal_Club,1,-4.546177107976746,-0.20000000000000007,-0.09999999999999998,-0.050000000000000044,1,0,0.25,0.8181818181818182,0.5454545454545454
4,2014-10-12,Main,4.14,Oh_My_God,Royal_Club,Royal_Club,0,-27.8725173821349,-0.20000000000000007,0.09999999999999998,0.0,-1,0,-0.3,0.8,0.45454545454545453
4,2014-10-12,Main,4.14,Royal_Club,Oh_My_God,Oh_My_God,0,57.31085676559269,0.4,0.0,0.09999999999999998,1,0,0.33333333333333337,0.8333333333333334,0.5
4,2014-10-19,Main,4.14,Samsung_White,Royal_Club,Samsung_White,1,57.38174026336651,0.4,0.30000000000000004,0.20000000000000007,-3,1,0.0,0.7272727272727273,0.5
4,2014-10-19,Main,4.14,Royal_Club,Samsung_White,Royal_Club,1,-84.14422180773386,-0.6,-0.4,-0.29999999999999993,3,0,-0.5,0.7692307692307693,0.8181818181818182
4,2014-10-19,Main,4.14,Samsung_White,Royal_Club,Samsung_White,1,44.54230307988496,0.20000000000000007,0.20000000000000007,0.20000000000000007,-3,0,0.0,0.75,0.46153846153846156
4,2014-10-19,Main,4.14,Royal_Club,Samsung_White,Samsung_White,0,-72.46213481420159,-0.4,-0.20000000000000007,-0.25,3,0,-0.16666666666666669,0.7857142857142857,0.75
5,2015-10-01,Main,5.18,PaiN_Gaming,ROX_Tigers,ROX_Tigers,0,0.0,0.0,0.0,0.0,0,0,0.0,0.5,0.5
5,2015-10-01,Main,5.18,Counter_Logic_Gaming,Flash_Wolves,Counter_Logic_Gaming,1,-15.963057035029578,-0.3,-0.05555555555555558,-0.05555555555555558,9,1093,0.0,0.5,0.5
5,2015-10-01,Main,5.18,EDward_Gaming,Bangkok_Titans,EDward_Gaming,1,7.071860321517306,-0.09999999999999998,0.0,0.0,12,362,0.0,0.6666666666666666,0.5
5,2015-10-01,Main,5.18,SK_Telecom_T1,H2k_2d-Gaming,SK_Telecom_T1,1,144.13273668285183,0.30000000000000004,0.30000000000000004,0.33333333333333337,18,727,0.0,0.8,0.5
5,2015-10-01,Main,5.18,Cloud9,Ahq_eSports_Club,Cloud9,1,10.23126981600035,0.0,-0.028571428571428525,0.0,7,-13,0.0,0.6666666666666666,0.25
5,2015-10-01,Main,5.18,Fnatic,Invictus_Gaming,Fnatic,1,63.1007514947446,0.0,-0.10000000000000003,0.15000000000000002,27,-723,0.0,0.6875,0.0
5,2015-10-02,Main,5.18,Counter_Logic_Gaming,PaiN_Gaming,Counter_Logic_Gaming,1,16.771552066706818,0.4,0.5,0.5,9,0,0.0,0.6666666666666666,0.5
5,2015-10-02,Main,5.18,Flash_Wolves,ROX_Tigers,Flash_Wolves,1,-32.734609101736396,-1.0,-1.0,-1.0,0,0,0.0,0.5,1.0
5,2015-10-02,Main,5.18,H2k_2d-Gaming,EDward_Gaming,EDward_Gaming,0,-32.4649420021683,-0.6,-0.5,-0.5384615384615384,-12,0,0.0,0.5,0.3333333333333333
5,2015-10-02,Main,5.18,Bangkok_Titans,SK_Telecom_T1,SK_Telecom_T1,0,-169.52581836350282,-0.8,-0.8,-0.8421052631578947,-18,0,0.0,0.5,0.875
5,2015-10-02,Main,5.18,LGD_Gaming,Origen,Origen,0,0.0,0.0,0.0,0.0,0,0,0.0,0.5,0.5
5,2015-10-02,Main,5.18,KT_Rolster,TSM,KT_Rolster,1,27.805220942326287,0.09999999999999998,0.0,0.15000000000000002,-29,-365,0.0,0.5,0.3076923076923077
5,2015-10-03,Main,5.18,Ahq_eSports_Club,Fnatic,Ahq_eSports_Club,1,-82.93798113674188,-0.19999999999999996,-0.025000000000000022,-0.22499999999999998,-25,0,0.0,0.6666666666666666,0.5625
5,2015-10-03,Main,5.18,Invictus_Gaming,Cloud9,Cloud9,0,-47.70325295470843,-0.2,-0.06666666666666671,-0.13333333333333336,-9,0,0.0,0.6666666666666666,0.25
5,2015-10-03,Main,5.18,Origen,TSM,Origen,1,58.527469937265096,0.8,0.5,0.65,-29,0,0.0,0.5,0.2857142857142857
5,2015-10-03,Main,5.18,LGD_Gaming,KT_Rolster,KT_Rolster,0,-30.72224899493881,-1.0,-1.0,-1.0,0,0,0.0,0.0,0.5
5,2015-10-03,Main,5.18,H2k_2d-Gaming,Bangkok_Titans,H2k_2d-Gaming,1,0.20518661564346985,0.0,0.0,0.0,0,0,0.0,0.0,0.0
5,2015-10-03,Main,5.18,EDward_Gaming,SK_Telecom_T1,SK_Telecom_T1,0,-125.3547312782191,-0.4,-0.30000000000000004,-0.2785714285714286,-6,0,0.0,0.7142857142857143,0.8888888888888888
5,2015-10-04,Main,5.18,PaiN_Gaming,Flash_Wolves,PaiN_Gaming,1,-31.99667134679862,-0.5,-0.5,-0.5,0,0,0.0,0.0,0.0
5,2015-10-04,Main,5.18,ROX_Tigers,Counter_Logic_Gaming,ROX_Tigers,1,-17.502832515241835,-0.09999999999999998,0.0,-0.045454545454545414,-9,0,0.0,0.5,0.42857142857142855
5,2015-10-04,Main,5.18,Cloud9,Fnatic,Cloud9,1,-8.083386822719376,0.19999999999999996,0.2,-0.050000000000000044,-18,0,-0.16666666666666669,0.7142857142857143,0.5294117647058824
5,2015-10-04,Main,5.18,Invictus_Gaming,Ahq_eSports_Club,Invictus_Gaming,1,-39.9794325903747,-0.6,-0.15873015873015872,-0.15873015873015872,-2,0,0.0,0.5,0.2
5,2015-10-04,Main,5.18,KT_Rolster,Origen,Origen,0,-0.018806131582778107,0.0,0.0,0.0,0,0,0.0,1.0,1.0
5,2015-10-04,Main,5.18,TSM,LGD_Gaming,TSM,1,-25.268525063786683,0.2,0.4,0.35,29,0,0.0,0.5,0.5
5,2015-10-08,Main,5.18,PaiN_Gaming,Counter_Logic_Gaming,PaiN_Gaming,1,-12.953330185538789,-0.26666666666666666,-0.16666666666666669,-0.16666666666666669,-9,0,-0.5,0.5,0.375
5,2015-10-08,Main,5.18,ROX_Tigers,Flash_Wolves,Flash_Wolves,0,32.003233481668985,0.3333333333333333,0.3333333333333333,0.3333333333333333,0,0,-0.5,1.0,0.0
5,2015-10-08,Main,5.18,Flash_Wolves,Counter_Logic_Gaming,Flash_Wolves,1,18.17053794265098,0.09999999999999998,0.09999999999999998,0.038461538461538436,-9,0,-0.5,1.0,0.3333333333333333
5,2015-10-08,Main,5.18,ROX_Tigers,PaiN_Gaming,ROX_Tigers,1,-5.004690079899547,0.0,0.0,0.0,0,0,0.5,0.5,0.0
5,2015-10-08,Main,5.18,Flash_Wolves,PaiN_Gaming,Flash_Wolves,1,29.3258112453193,0.19999999999999996,0.19999999999999996,0.19999999999999996,0,0,-0.5,1.0,0.0
5,2015-10-08,Main,5.18,Counter_Logic_Gaming,ROX_Tigers,ROX_Tigers,0,-46.62890951078293,-0.19999999999999996,-0.3,-0.17142857142857143,9,0,-0.5,0.75,0.5
5,2015-10-09,Main,5.18,SK_Telecom_T1,Bangkok_Titans,SK_Telecom_T1,1,213.4992564855154,1.0,0.8,0.9,18,0,0.5,0.8181818181818182,0.0
5,2015-10-09,Main,5.18,EDward_Gaming,H2k_2d-Gaming,EDward_Gaming,1,35.02762674654741,0.06666666666666671,0.06666666666666671,0.2,12,0,0.5,0.625,0.0
5,2015-10-09,Main,5.18,H2k_2d-Gaming,SK_Telecom_T1,SK_Telecom_T1,0,-202.948734553368,-0.75,-0.55,-0.65,-18,0,-0.5,0.5,0.9
5,2015-10-09,Main,5.18,Bangkok_Titans,EDward_Gaming,EDward_Gaming,0,-88.8496812786841,-0.6,-0.5,-0.5625,-12,0,-0.5,0.0,0.42857142857142855
5,2015-10-09,Main,5.18,Bangkok_Titans,H2k_2d-Gaming,H2k_2d-Gaming,0,-29.44318645018643,-0.2,-0.2,-0.2,0,0,-0.5,0.0,0.0
5,2015-10-09,Main,5.18,SK_Telecom_T1,EDward_Gaming,SK_Telecom_T1,1,134.73053080281352,0.19999999999999996,0.30000000000000004,0.31176470588235294,6,0,0.5,0.8333333333333334,0.5
5,2015-10-10,Main,5.18,LGD_Gaming,TSM,LGD_Gaming,1,-9.054697349341268,-0.2,-0.4,-0.4,-29,0,-0.5,0.0,0.26666666666666666
5,2015-10-10,Main,5.18,Origen,KT_Rolster,KT_Rolster,0,32.017074022854786,0.33333333333333337,0.33333333333333337,0.33333333333333337,0,0,0.5,1.0,1.0
5,2015-10-10,Main,5.18,Origen,LGD_Gaming,LGD_Gaming,0,59.192357606933456,0.5,0.5,0.5,0,0,0.5,0.5,0.0
5,2015-10-10,Main,5.18,TSM,KT_Rolster,KT_Rolster,0,-85.89492828179073,-0.55,-0.45,-0.4,29,0,-0.5,0.5294117647058824,1.0
5,2015-10-10,Main,5.18,KT_Rolster,LGD_Gaming,KT_Rolster,1,55.539067449894446,0.4,0.4,0.4,0,0,0.5,0.5,0.5
5,2015-10-10,Main,5.18,TSM,Origen,Origen,0,-76.3946614476663,-0.39999999999999997,-0.3,-0.25,29,0,-0.5,0.5,1.0
5,2015-10-11,Main,5.18,Cloud9,Ahq_eSports_Club,Ahq_eSports_Club,0,69.56281485334557,0.20000000000000007,0.19999999999999996,0.12941176470588234,7,0,0.5,0.75,0.16666666666666666
5,2015-10-11,Main,5.18,Fnatic,Ahq_eSports_Club,Fnatic,1,25.740473355934455,-0.39999999999999997,-0.2,0.04545454545454547,24,7,-0.5,0.7058823529411765,0.2857142857142857
5,2015-10-11,Main,5.18,Cloud9,Invictus_Gaming,Invictus_Gaming,0,54.714817150342014,0.6000000000000001,0.22499999999999998,0.125,10,-7,0.5,0.6666666666666666,0.0
5,2015-10-11,Main,5.18,Invictus_Gaming,Fnatic,Fnatic,0,-45.532872532874535,0.0,0.0444444444444444,-0.05555555555555558,-27,0,-0.5,0.6,0.5
5,2015-10-11,Main,5.18,Ahq_eSports_Club,Cloud9,Ahq_eSports_Club,1,-27.557790992948867,-0.19999999999999996,-0.09999999999999998,-0.05701754385964908,-7,0,0.0,0.75,0.3333333333333333
5,2015-10-11,Main,5.18,Fnatic,Cloud9,Fnatic,1,58.997710288579356,0.19999999999999996,0.09999999999999998,0.04999999999999999,17,0,0.0,0.7222222222222222,0.3
5,2015-10-11,Main,5.18,Ahq_eSports_Club,Invictus_Gaming,Ahq_eSports_Club,1,21.340341208160908,0.19999999999999996,0.09999999999999998,0.06153846153846154,3,0,-0.5,0.8,0.25
5,2015-10-15,Main,5.18,Origen,Flash_Wolves,Origen,1,-8.88895017971845,-0.20000000000000007,0.0,0.0,0,-2,0.0,0.3333333333333333,0.3333333333333333
5,2015-10-15,Main,5.18,Flash_Wolves,Origen,Flash_Wolves,1,-23.92957380291591,0.0,-0.1428571428571429,-0.1428571428571429,0,0,-0.5,1.0,1.0
5,2015-10-15,Main,5.18,Origen,Flash_Wolves,Origen,1,-10.27094293043001,-0.4,0.0,0.0,0,0,0.0,0.5,0.25
5,2015-10-15,Main,5.18,Flash_Wolves,Origen,Origen,0,-22.67477039610003,0.0,-0.11111111111111105,-0.11111111111111105,0,0,-0.16666666666666669,1.0,0.75
5,2015-10-16,Main,5.18,SK_Telecom_T1,Ahq_eSports_Club,SK_Telecom_T1,1,182.86009831441766,0.4,0.30000000000000004,0.4,10,2,0.0,0.8461538461538461,0.25
5,2015-10-16,Main,5.18,Ahq_eSports_Club,SK_Telecom_T1,SK_Telecom_T1,0,-199.41823581449376,-0.4,-0.4,-0.43333333333333335,-10,0,-0.5,0.8333333333333334,0.9090909090909091
5,2015-10-16,Main,5.18,SK_Telecom_T1,Ahq_eSports_Club,SK_Telecom_T1,1,214.8335884886435,0.6,0.5,0.4625,10,0,0.5,0.8571428571428571,0.2222222222222222
5,2015-10-17,Main,5.18,Fnatic,EDward_Gaming,Fnatic,1,22.361083914382334,0.0,0.0,-0.05555555555555558,20,-2,0.0,0.7368421052631579,0.4444444444444444
5,2015-10-17,Main,5.18,EDward_Gaming,Fnatic,Fnatic,0,-52.30439097511021,-0.4,-0.09999999999999998,0.02631578947368418,-20,0,-0.5,0.6666666666666666,0.5263157894736842
5,2015-10-17,Main,5.18,Fnatic,EDward_Gaming,Fnatic,1,79.52304481904207,0.6,0.19999999999999996,0.0,20,0,0.5,0.75,0.4
5,2015-10-18,Main,5.18,ROX_Tigers,KT_Rolster,ROX_Tigers,1,-28.440632690890197,-0.20000000000000007,-0.16666666666666674,-0.16666666666666674,0,2,0.0,0.6666666666666666,1.0
5,2015-10-18,Main,5.18,KT_Rolster,ROX_Tigers,ROX_Tigers,0,-6.173011111589858,-0.20000000000000007,0.0,0.0,0,0,-0.5,0.6666666666666666,0.6666666666666666
5,2015-10-18,Main,5.18,ROX_Tigers,KT_Rolster,ROX_Tigers,1,37.60451559642843,0.20000000000000007,0.125,0.125,0,0,0.5,0.75,0.75
5,2015-10-18,Main,5.18,KT_Rolster,ROX_Tigers,KT_Rolster,1,-66.15447328241135,-0.6,-0.2222222222222222,-0.2222222222222222,0,0,-0.5,0.5,0.75
5,2015-10-24,Main,5.18,SK_Telecom_T1,Origen,SK_Telecom_T1,1,168.74875655582173,0.19999999999999996,0.30000000000000004,0.20000000000000007,17,-1,0.0,0.8666666666666667,0.8
5,2015-10-24,Main,5.18,Origen,SK_Telecom_T1,SK_Telecom_T1,0,-186.32330705507093,-0.4,-0.4,-0.26363636363636367,-17,0,-0.5,0.6,0.9166666666666666
5,2015-10-24,Main,5.18,SK_Telecom_T1,Origen,SK_Telecom_T1,1,202.63792754594215,0.6,0.5,0.31666666666666665,17,0,0.5,0.875,0.6666666666666666
5,2015-10-25,Main,5.18,Fnatic,ROX_Tigers,ROX_Tigers,0,50.21562976524251,0.19999999999999996,0.0,-0.1499999999999999,31,1,0.0,0.7619047619047619,0.6
5,2015-10-25,Main,5.18,ROX_Tigers,Fnatic,ROX_Tigers,1,-13.622537446907472,0.0,0.0,0.2272727272727273,-31,0,0.5,0.8,0.55
5,2015-10-25,Main,5.18,Fnatic,ROX_Tigers,ROX_Tigers,0,-19.631502060443154,-0.20000000000000007,-0.20000000000000007,-0.25,31,0,-0.5,0.7272727272727273,0.6666666666666666
5,2015-10-31,Main,5.18,ROX_Tigers,SK_Telecom_T1,SK_Telecom_T1,0,-139.4923105550381,-0.19999999999999996,-0.19999999999999996,-0.13076923076923075,-17,-1,0.0,0.8333333333333334,0.9230769230769231
5,2015-10-31,Main,5.18,SK_Telecom_T1,ROX_Tigers,ROX_Tigers,0,159.29313874224795,0.4,0.19999999999999996,0.18571428571428572,17,0,0.5,0.8823529411764706,0.7142857142857143
5,2015-10-31,Main,5.18,ROX_Tigers,SK_Telecom_T1,SK_Telecom_T1,0,-113.57004731501434,0.0,-0.09999999999999998,-0.1166666666666667,-17,0,0.0,0.7142857142857143,0.9285714285714286
5,2015-10-31,Main,5.18,SK_Telecom_T1,ROX_Tigers,SK_Telecom_T1,1,135.46715695306125,0.20000000000000007,0.20000000000000007,0.21250000000000002,17,0,0.16666666666666663,0.8333333333333334,0.75
6,2016-09-29,Main,6.18,G2_Esports,Counter_Logic_Gaming,Counter_Logic_Gaming,0,46.431245464358426,0.3,0.2,0.09999999999999998,-15,-358,0.0,0.5,0.3
6,2016-09-30,Main,6.18,Flash_Wolves,I_May,I_May,0,-0.1537259277447447,-0.09999999999999998,0.0,0.0,10,352,0.0,0.8,0.5
6,2016-09-30,Main,6.18,SK_Telecom_T1,Cloud9,SK_Telecom_T1,1,273.94100472905507,0.6000000000000001,0.5,0.45,13,-20,0.0,0.8421052631578947,0.2727272727272727
6,2016-09-30,Main,6.18,TSM,Royal_Never_Give_Up,Royal_Never_Give_Up,0,-79.7732450477074,-0.3,-0.3,-0.2,35,357,0.0,0.47368421052631576,0.5
6,2016-09-30,Main,6.18,Samsung_Galaxy,Splyce,Samsung_Galaxy,1,0.0,0.0,0.0,0.0,0,0,0.0,0.5,0.5
6,2016-09-30,Main,6.18,INTZ,EDward_Gaming,INTZ,1,-2.1075502113990296,0.3,0.09999999999999998,0.0,-21,-350,0.0,0.5,0.36363636363636365
6,2016-09-30,Main,6.18,H2k_2d-Gaming,Ahq_eSports_Club,Ahq_eSports_Club,0,-7.521694131419736,0.0,-0.06666666666666671,-0.0784313725490196,-11,7,0.0,0.3333333333333333,0.2
6,2016-09-30,Main,6.18,ROX_Tigers,Albus_NoX_Luna,ROX_Tigers,1,98.18940580937237,-0.09999999999999998,0.09999999999999998,0.1470588235294118,17,336,0.0,0.625,0.5
6,2016-10-01,Main,6.18,ROX_Tigers,G2_Esports,ROX_Tigers,1,127.90987404897078,0.4,0.6,0.6666666666666666,17,-1,0.0,0.6666666666666666,0.5
6,2016-10-01,Main,6.18,Counter_Logic_Gaming,Albus_NoX_Luna,Albus_NoX_Luna,0,-16.710777224760022,0.2,0.4,0.4375,15,1,0.0,0.6,0.0
6,2016-10-01,Main,6.18,EDward_Gaming,Ahq_eSports_Club,EDward_Gaming,1,-21.593016301877014,-0.4,-0.09999999999999998,0.005555555555555591,4,0,0.16666666666666663,0.6,0.2727272727272727
6,2016-10-01,Main,6.18,H2k_2d-Gaming,INTZ,H2k_2d-Gaming,1,-47.32257236502801,-0.6,-0.7142857142857143,-0.7142857142857143,6,0,0.0,0.25,0.5
6,2016-10-01,Main,6.18,Royal_Never_Give_Up,Splyce,Royal_Never_Give_Up,1,28.38953101752122,1.0,1.0,1.0,0,0,0.0,0.5,0.0
6,2016-10-01,Main,6.18,TSM,Samsung_Galaxy,TSM,1,-108.16277606522863,-0.8,-0.8,-0.7,35,0,0.0,0.45,0.5
6,2016-10-02,Main,6.18,EDward_Gaming,H2k_2d-Gaming,EDward_Gaming,1,16.063221582707,-0.2,0.025000000000000022,0.07500000000000001,15,0,0.5,0.6363636363636364,0.3333333333333333
6,2016-10-02,Main,6.18,Ahq_eSports_Club,INTZ,Ahq_eSports_Club,1,-7.320752827251226,-0.3,-0.09999999999999998,-0.07894736842105265,17,0,0.0,0.7142857142857143,0.0
6,2016-10-02,Main,6.18,Royal_Never_Give_Up,Samsung_Galaxy,Samsung_Galaxy,0,31.91120991066464,0.5,0.5,0.5,0,0,0.0,1.0,0.0
6,2016-10-02,Main,6.18,Splyce,TSM,TSM,0,40.64109717208521,-0.2,-0.2,-0.35,-35,0,0.0,0.5,0.25
6,2016-10-02,Main,6.18,I_May,SK_Telecom_T1,SK_Telecom_T1,0,-243.26209032147221,0.19999999999999996,0.09999999999999998,0.050000000000000044,-34,0,0.0,0.5,0.9333333333333333
6,2016-10-02,Main,6.18,Flash_Wolves,Cloud9,Cloud9,0,9.49810173916785,0.2,0.09999999999999998,0.05454545454545451,-11,0,0.0,0.6666666666666666,0.25
6,2016-10-03,Main,6.18,Cloud9,I_May,Cloud9,1,-18.87192986965647,-0.3,0.0,-0.04999999999999999,21,0,0.0,0.6,1.0
6,2016-10-03,Main,6.18,SK_Telecom_T1,Flash_Wolves,Flash_Wolves,0,298.16739668595005,0.6000000000000001,0.5,0.5333333333333332,24,0,0.0,0.85,0.2
6,2016-10-03,Main,6.18,Counter_Logic_Gaming,ROX_Tigers,Counter_Logic_Gaming,1,-163.68293642014987,-0.39999999999999997,-0.19999999999999996,-0.27244582043343657,-2,0,-0.5,0.5,0.6666666666666666
6,2016-10-03,Main,6.18,Albus_NoX_Luna,G2_Esports,Albus_NoX_Luna,1,32.12374382467533,0.5,0.5,0.5,0,0,0.0,0.5,0.0
6,2016-10-06,Main,6.18,Albus_NoX_Luna,Counter_Logic_Gaming,Albus_NoX_Luna,1,38.6720647467464,0.2666666666666666,0.2666666666666666,0.2222222222222222,-15,0,0.5,1.0,0.36363636363636365
6,2016-10-06,Main,6.18,G2_Esports,ROX_Tigers,ROX_Tigers,0,-140.13305795920905,-0.4,-0.6,-0.65,-17,0,-0.5,0.0,0.6
6,2016-10-07,Main,6.18,Ahq_eSports_Club,H2k_2d-Gaming,H2k_2d-Gaming,0,35.267875437467865,0.0,0.16666666666666669,0.1166666666666667,11,0,0.5,0.75,0.25
6,2016-10-07,Main,6.18,EDward_Gaming,INTZ,EDward_Gaming,1,36.670335672395595,0.06666666666666671,0.06666666666666671,0.1166666666666667,21,0,-0.5,0.6666666666666666,0.0
6,2016-10-07,Main,6.18,ROX_Tigers,Albus_NoX_Luna,ROX_Tigers,1,74.60842653508121,-0.15000000000000002,-0.15000000000000002,-0.09999999999999998,17,0,0.5,0.7,0.5
6,2016-10-07,Main,6.18,ROX_Tigers,Counter_Logic_Gaming,ROX_Tigers,1,154.3493109739261,0.4,0.19999999999999996,0.2789473684210526,3,-1,0.16666666666666663,0.7272727272727273,0.3333333333333333
6,2016-10-07,Main,6.18,G2_Esports,Albus_NoX_Luna,G2_Esports,1,-72.65904533166167,-0.6,-0.6,-0.6,-1,1,-0.5,0.0,0.3333333333333333
6,2016-10-07,Main,6.18,Albus_NoX_Luna,ROX_Tigers,Albus_NoX_Luna,1,-128.4639635123856,-0.20000000000000007,-0.09999999999999998,-0.19999999999999996,-17,0,-0.5,1.0,0.6363636363636364
6,2016-10-07,Main,6.18,Counter_Logic_Gaming,G2_Esports,Counter_Logic_Gaming,1,-10.473330018414572,0.2,0.09999999999999998,0.2,15,0,0.5,0.5714285714285714,0.0
6,2016-10-08,Main,6.18,Splyce,Samsung_Galaxy,Samsung_Galaxy,0,-61.19790139724137,-0.6666666666666666,-0.6666666666666666,-0.6666666666666666,0,0,-0.5,0.0,0.5
6,2016-10-08,Main,6.18,Samsung_Galaxy,Royal_Never_Give_Up,Samsung_Galaxy,1,16.230205762716196,0.08333333333333337,0.08333333333333337,0.08333333333333337,1,-6,0.5,1.0,1.0
6,2016-10-08,Main,6.18,TSM,Splyce,TSM,1,8.295628132761522,0.4,0.3,0.4,34,6,0.5,0.47619047619047616,0.0
6,2016-10-08,Main,6.18,Splyce,Royal_Never_Give_Up,Splyce,1,-71.75366919229168,-0.5,-0.5,-0.5,1,0,-0.5,0.0,0.5
6,2016-10-08,Main,6.18,Samsung_Galaxy,TSM,Samsung_Galaxy,1,78.95838647596634,0.20000000000000007,0.4,0.35000000000000003,-34,0,-0.5,1.0,0.29411764705882354
6,2016-10-08,Main,6.18,H2k_2d-Gaming,EDward_Gaming,H2k_2d-Gaming,1,-43.283718905752266,0.0,-0.09999999999999998,-0.04999999999999999,-15,0,-0.5,0.4,0.3333333333333333
6,2016-10-08,Main,6.18,Ahq_eSports_Club,EDward_Gaming,EDward_Gaming,0,-25.26998334662221,-0.19999999999999996,0.0,0.0,-5,1,-0.25,0.6666666666666666,0.3076923076923077
6,2016-10-08,Main,6.18,INTZ,H2k_2d-Gaming,H2k_2d-Gaming,0,-40.00468031139826,-0.35,-0.25,-0.20454545454545453,-7,1,-0.5,1.0,0.4
6,2016-10-08,Main,6.18,INTZ,Ahq_eSports_Club,Ahq_eSports_Club,0,-21.37982813403073,-0.2,-0.2,-0.2,-17,0,-0.5,0.5,0.25
6,2016-10-08,Main,6.18,H2k_2d-Gaming,EDward_Gaming,H2k_2d-Gaming,1,-7.9901451203938905,0.0,0.19999999999999996,0.0,-15,0,-0.25,0.5,0.35714285714285715
6,2016-10-09,Main,6.18,SK_Telecom_T1,I_May,SK_Telecom_T1,1,245.66198738105595,0.46666666666666673,0.46666666666666673,0.5666666666666667,34,0,0.5,0.8095238095238095,0.5
6,2016-10-09,Main,6.18,Cloud9,Flash_Wolves,Flash_Wolves,0,13.119496355531965,0.2,0.0,-0.011538461538461553,11,0,0.5,0.6363636363636364,0.3333333333333333
6,2016-10-09,Main,6.18,Cloud9,SK_Telecom_T1,SK_Telecom_T1,0,-253.6599438279418,-0.4,-0.4,-0.5,-13,0,-0.5,0.5833333333333334,0.9375
6,2016-10-09,Main,6.18,I_May,Flash_Wolves,I_May,1,-24.607523446449477,-0.15000000000000002,-0.25,-0.25,-10,0,0.5,0.0,0.42857142857142855
6,2016-10-09,Main,6.18,Royal_Never_Give_Up,TSM,Royal_Never_Give_Up,1,25.38892910895106,-0.19999999999999996,0.0,-0.04999999999999999,-35,0,0.5,0.5,0.2777777777777778
6,2016-10-10,Main,6.18,Flash_Wolves,SK_Telecom_T1,SK_Telecom_T1,0,-256.73304500701215,-0.4,-0.4,-0.43333333333333335,-24,0,0.5,0.5714285714285714,0.9411764705882353
6,2016-10-10,Main,6.18,I_May,Cloud9,Cloud9,0,18.642137566250085,0.0,0.10000000000000003,0.0,-21,0,-0.5,0.5,0.3076923076923077
6,2016-10-13,Main,6.18,Cloud9,Samsung_Galaxy,Samsung_Galaxy,0,-51.64357026622997,-0.20000000000000007,-0.5333333333333334,-0.38333333333333336,21,-2,0.0,0.5384615384615384,0.6666666666666666
6,2016-10-13,Main,6.18,Samsung_Galaxy,Cloud9,Samsung_Galaxy,1,78.92174597732287,0.6,0.5571428571428572,0.4071428571428571,-21,0,0.5,1.0,0.35714285714285715
6,2016-10-14,Main,6.18,Royal_Never_Give_Up,SK_Telecom_T1,SK_Telecom_T1,0,-266.74967442448315,-0.4,-0.30000000000000004,-0.4,-34,1,0.0,0.6666666666666666,0.9444444444444444
6,2016-10-14,Main,6.18,SK_Telecom_T1,Royal_Never_Give_Up,Royal_Never_Give_Up,0,278.0895372270006,0.6000000000000001,0.3714285714285715,0.4714285714285715,34,0,0.5,0.8181818181818182,0.3333333333333333
6,2016-10-14,Main,6.18,Samsung_Galaxy,Cloud9,Samsung_Galaxy,1,103.77528157278925,0.8,0.575,0.475,-21,0,0.5,1.0,0.3333333333333333
6,2016-10-15,Main,6.18,ROX_Tigers,EDward_Gaming,EDward_Gaming,0,94.20758441826365,0.0,0.19999999999999996,0.19999999999999996,-4,1,0.0,0.75,0.3333333333333333
6,2016-10-15,Main,6.18,EDward_Gaming,ROX_Tigers,ROX_Tigers,0,-53.73732116874635,0.0,0.0,-0.15000000000000002,4,0,0.5,0.6923076923076923,0.5833333333333334
6,2016-10-15,Main,6.18,ROX_Tigers,EDward_Gaming,ROX_Tigers,1,80.8270239246508,0.19999999999999996,0.09999999999999998,0.2,-4,0,0.0,0.6923076923076923,0.375
6,2016-10-15,Main,6.18,Royal_Never_Give_Up,SK_Telecom_T1,SK_Telecom_T1,0,-224.83309877909005,-0.4,-0.30000000000000004,-0.35,-34,0,0.0,0.5,0.9473684210526315
6,2016-10-15,Main,6.18,SK_Telecom_T1,Royal_Never_Give_Up,SK_Telecom_T1,1,238.60176726798773,0.4,0.3555555555555556,0.40555555555555556,34,0,0.16666666666666663,0.782608695652174,0.5
6,2016-10-16,Main,6.18,H2k_2d-Gaming,Albus_NoX_Luna,H2k_2d-Gaming,1,15.681314900150483,0.20000000000000007,0.02857142857142858,-0.03296703296703296,6,-1,0.0,0.5714285714285714,0.25
6,2016-10-16,Main,6.18,Albus_NoX_Luna,H2k_2d-Gaming,H2k_2d-Gaming,0,-46.237992363124704,-0.6,-0.19999999999999996,-0.0714285714285714,-6,0,-0.5,1.0,0.5
6,2016-10-16,Main,6.18,H2k_2d-Gaming,Albus_NoX_Luna,H2k_2d-Gaming,1,74.00428120204151,0.8,0.3555555555555556,0.15555555555555556,6,0,0.5,0.625,0.2
6,2016-10-16,Main,6.18,EDward_Gaming,ROX_Tigers,ROX_Tigers,0,-105.51403473213713,-0.19999999999999996,-0.19999999999999996,-0.2,4,0,-0.16666666666666669,0.6428571428571429,0.6153846153846154
6,2016-10-21,Main,6.18,SK_Telecom_T1,ROX_Tigers,ROX_Tigers,0,124.86756081286421,0.20000000000000007,0.10000000000000009,0.19999999999999996,16,1,0.25,0.7916666666666666,0.6428571428571429
6,2016-10-21,Main,6.18,ROX_Tigers,SK_Telecom_T1,SK_Telecom_T1,0,-81.83769111113543,0.20000000000000007,0.0,-0.15000000000000002,-16,0,-0.09999999999999998,0.7142857142857143,0.95
6,2016-10-22,Main,6.18,H2k_2d-Gaming,Samsung_Galaxy,Samsung_Galaxy,0,-11.333113229451328,0.0,-0.0888888888888888,-0.26388888888888884,7,-2,0.0,0.6666666666666666,0.75
6,2016-10-22,Main,6.18,Samsung_Galaxy,H2k_2d-Gaming,Samsung_Galaxy,1,42.28966498335353,0.19999999999999996,0.09999999999999998,0.31176470588235294,-7,0,0.5,1.0,0.5714285714285714
6,2016-10-22,Main,6.18,ROX_Tigers,SK_Telecom_T1,SK_Telecom_T1,0,-106.43653642892832,0.20000000000000007,0.0,-0.15000000000000002,-16,0,-0.16666666666666669,0.6666666666666666,0.9523809523809523
6,2016-10-22,Main,6.18,SK_Telecom_T1,ROX_Tigers,SK_Telecom_T1,1,128.928952669281,0.20000000000000007,0.20000000000000007,0.20000000000000007,16,0,0.2142857142857143,0.76,0.6666666666666666
6,2016-10-22,Main,6.18,ROX_Tigers,SK_Telecom_T1,ROX_Tigers,1,-149.57079442711256,-0.4,-0.30000000000000004,-0.25,-16,0,-0.25,0.625,0.9545454545454546
6,2016-10-23,Main,6.18,Samsung_Galaxy,H2k_2d-Gaming,Samsung_Galaxy,1,70.41376530519506,0.4,0.20000000000000007,0.3535353535353535,-7,0,0.5,1.0,0.5
6,2016-10-29,Main,6.18,Samsung_Galaxy,SK_Telecom_T1,SK_Telecom_T1,0,-105.64897067377547,0.4,0.30000000000000004,0.16666666666666663,-37,-1,0.0,1.0,0.9130434782608695
6,2016-10-30,Main,6.18,Samsung_Galaxy,SK_Telecom_T1,SK_Telecom_T1,0,-128.2075655727806,0.0,0.20000000000000007,0.09615384615384615,-37,0,-0.5,0.875,0.9166666666666666
6,2016-10-30,Main,6.18,SK_Telecom_T1,Samsung_Galaxy,Samsung_Galaxy,0,148.90752161852947,0.20000000000000007,-0.10000000000000009,-0.0357142857142857,37,0,0.5,0.7692307692307693,0.8
6,2016-10-30,Main,6.18,Samsung_Galaxy,SK_Telecom_T1,Samsung_Galaxy,1,-103.97496070635975,0.0,0.10000000000000009,0.050000000000000044,-37,0,-0.16666666666666669,0.7777777777777778,0.92
6,2016-10-30,Main,6.18,SK_Telecom_T1,Samsung_Galaxy,SK_Telecom_T1,1,62.67451523085015,-0.19999999999999996,-0.20000000000000007,-0.11250000000000004,37,0,0.0,0.7407407407407407,0.8333333333333334
7,2017-09-23,Play in,7.18,Dire_Wolves,Team_oNe_eSports,Dire_Wolves,1,0.0,0.0,0.0,0.0,0,0,0.0,0.5,0.5
7,2017-09-23,Play in,7.18,Gambit_Esports,Team_WE,Team_WE,0,13.123895440216074,0.16666666666666669,0.16666666666666669,0.16666666666666669,-3,-1809,0.0,0.5,0.5
7,2017-09-23,Play in,7.18,Dire_Wolves,Cloud9,Cloud9,0,51.539538606745964,0.8,0.7,0.65,-29,-344,0.0,1.0,0.3125
7,2017-09-23,Play in,7.18,Gambit_Esports,Lyon_Gaming__28-2013_Latin_American_Team_29-,Lyon_Gaming__28-2013_Latin_American_Team_29-,0,-16.604090432823114,-0.5,-0.5,-0.5,1,1,0.0,0.0,0.5
7,2017-09-23,Play in,7.18,Cloud9,Team_oNe_eSports,Cloud9,1,-1.1833131930013678,0.4,0.4,0.4,30,0,0.0,0.5,0.0
7,2017-09-23,Play in,7.18,Team_WE,Lyon_Gaming__28-2013_Latin_American_Team_29-,Team_WE,1,-11.755739985303762,-0.5,-0.5,-0.5,3,0,0.0,0.0,1.0
7,2017-09-24,Play in,7.18,Dire_Wolves,Team_oNe_eSports,Team_oNe_eSports,0,29.698267961922284,0.5,0.5,0.5,0,0,0.5,0.5,0.0
7,2017-09-24,Play in,7.18,Team_WE,Gambit_Esports,Team_WE,1,51.861385733026054,0.6,0.6,0.6,3,0,0.5,0.5,0.5
7,2017-09-24,Play in,7.18,Team_oNe_eSports,Dire_Wolves,Team_oNe_eSports,1,5.030401098222683,0.0,0.0,0.0,0,0,0.0,0.5,0.5
7,2017-09-24,Play in,7.18,Lyon_Gaming__28-2013_Latin_American_Team_29-,Gambit_Esports,Lyon_Gaming__28-2013_Latin_American_Team_29-,1,44.164071451212976,0.5,0.5,0.5,-1,1,0.5,0.5,0.0
7,2017-09-24,Play in,7.18,Cloud9,Dire_Wolves,Cloud9,1,34.36009778115954,0.15000000000000002,0.25,0.2,28,1,0.5,0.5333333333333333,0.0
7,2017-09-24,Play in,7.18,Lyon_Gaming__28-2013_Latin_American_Team_29-,Team_WE,Team_WE,0,-20.97881379507635,-0.13333333333333341,0.0,0.0,-3,0,-0.5,1.0,0.6666666666666666
7,2017-09-24,Play in,7.18,Team_oNe_eSports,Cloud9,Cloud9,0,-12.21577897745965,-0.09999999999999998,0.0,0.0,-29,0,-0.5,1.0,0.35294117647058826
7,2017-09-25,Play in,7.18,Rampage,Fenerbah_c3-_a7-e_Esports,Fenerbah_c3-_a7-e_Esports,0,0.0,0.0,0.0,0.0,0,0,0.0,0.5,0.5
7,2017-09-25,Play in,7.18,Young_Generation,Fnatic,Fnatic,0,-56.41106875499122,0.09999999999999998,-0.09999999999999998,0.04999999999999999,-44,-702,0.0,0.5,0.5238095238095238
7,2017-09-25,Play in,7.18,Hong_Kong_Attitude,Fenerbah_c3-_a7-e_Esports,Fenerbah_c3-_a7-e_Esports,0,-16.0,-0.5,-0.5,-0.5,-1,-1,0.0,0.5,1.0
7,2017-09-25,Play in,7.18,Fnatic,Kaos_Latin_Gamers,Fnatic,1,69.83583290840966,-0.09999999999999998,0.19999999999999996,0.0,45,1,0.0,0.6956521739130435,0.5
7,2017-09-25,Play in,7.18,Rampage,Hong_Kong_Attitude,Hong_Kong_Attitude,0,-0.7363067935220897,0.0,0.0,0.0,0,0,0.0,0.0,0.5
7,2017-09-25,Play in,7.18,Young_Generation,Kaos_Latin_Gamers,Kaos_Latin_Gamers,0,-0.5981995622587419,0.0,0.0,0.0,0,0,0.0,0.0,0.0
7,2017-09-26,Play in,7.18,Hong_Kong_Attitude,Fenerbah_c3-_a7-e_Esports,Fenerbah_c3-_a7-e_Esports,0,-30.561294543125086,-0.5,-0.5,-0.5,0,0,-0.5,0.0,1.0
7,2017-09-26,Play in,7.18,Fnatic,Young_Generation,Young_Generation,0,112.05961357231558,0.4,0.7,0.55,44,0,0.5,0.7083333333333334,0.5
7,2017-09-26,Play in,7.18,Fenerbah_c3-_a7-e_Esports,Hong_Kong_Attitude,Hong_Kong_Attitude,0,59.753732635190545,0.6666666666666667,0.6666666666666667,0.6666666666666667,0,0,0.5,0.5,1.0
7,2017-09-26,Play in,7.18,Kaos_Latin_Gamers,Fnatic,Fnatic,0,-58.527775432796034,0.09999999999999998,-0.09999999999999998,-0.050000000000000044,-45,1,-0.5,0.5,0.5454545454545454
7,2017-09-26,Play in,7.18,Fenerbah_c3-_a7-e_Esports,Rampage,Fenerbah_c3-_a7-e_Esports,1,59.10105715597865,0.75,0.75,0.75,2,-1,0.5,0.0,0.5
7,2017-09-26,Play in,7.18,Kaos_Latin_Gamers,Young_Generation,Young_Generation,0,-1.775536963290051,0.0,0.0,0.0,0,0,0.5,0.0,1.0
7,2017-09-26,Play in,7.18,Hong_Kong_Attitude,Rampage,Hong_Kong_Attitude,1,50.10146580512219,0.5,0.5,0.5,1,0,0.5,0.0,0.0
7,2017-09-28,Play in,7.18,Fnatic,Hong_Kong_Attitude,Fnatic,1,56.463838588840645,0.0,0.0,0.0,43,0,0.0,0.68,1.0
7,2017-09-28,Play in,7.18,Fnatic,Hong_Kong_Attitude,Fnatic,1,83.30863263875517,0.20000000000000007,0.09999999999999998,0.09999999999999998,43,0,0.5,0.6923076923076923,0.6666666666666666
7,2017-09-28,Play in,7.18,Fnatic,Hong_Kong_Attitude,Fnatic,1,107.77937263853846,0.4,0.17142857142857143,0.17142857142857143,43,0,0.5,0.7037037037037037,0.5
7,2017-09-28,Play in,7.18,Cloud9,Lyon_Gaming__28-2013_Latin_American_Team_29-,Cloud9,1,31.094891503358895,0.30000000000000004,0.0,0.0,30,0,0.0,0.5625,0.5
7,2017-09-28,Play in,7.18,Lyon_Gaming__28-2013_Latin_American_Team_29-,Cloud9,Cloud9,0,-60.23856841786278,-0.6,-0.19999999999999996,-0.09999999999999998,-30,0,-0.5,0.5,0.3888888888888889
7,2017-09-28,Play in,7.18,Cloud9,Lyon_Gaming__28-2013_Latin_American_Team_29-,Cloud9,1,86.74532501872386,0.8,0.36666666666666664,0.16666666666666669,30,0,0.5,0.5882352941176471,0.3333333333333333
7,2017-09-29,Play in,7.18,Team_WE,Young_Generation,Team_WE,1,41.17594618424573,0.30000000000000004,0.2142857142857143,0.2142857142857143,3,2,0.0,0.6666666666666666,1.0
7,2017-09-29,Play in,7.18,Young_Generation,Team_WE,Team_WE,0,-69.4011578487457,-0.6,-0.35,-0.35,-3,0,-0.5,0.0,0.75
7,2017-09-29,Play in,7.18,Team_WE,Young_Generation,Team_WE,1,95.09275668484452,0.6,0.4444444444444445,0.4444444444444445,3,0,0.5,0.75,0.6666666666666666
7,2017-09-29,Play in,7.18,Fenerbah_c3-_a7-e_Esports,Team_oNe_eSports,Fenerbah_c3-_a7-e_Esports,1,54.79868811647111,0.4,0.4,0.4,0,-2,0.0,0.5,0.3333333333333333
7,2017-09-29,Play in,7.18,Fenerbah_c3-_a7-e_Esports,Team_oNe_eSports,Fenerbah_c3-_a7-e_Esports,1,81.7929821274256,0.4,0.5,0.5,0,0,0.5,0.6666666666666666,0.25
7,2017-09-29,Play in,7.18,Team_oNe_eSports,Fenerbah_c3-_a7-e_Esports,Team_oNe_eSports,1,-106.395725133611,-0.4,-0.5714285714285714,-0.5714285714285714,0,0,-0.5,0.5,1.0
7,2017-09-29,Play in,7.18,Fenerbah_c3-_a7-e_Esports,Team_oNe_eSports,Fenerbah_c3-_a7-e_Esports,1,64.89156853745317,0.19999999999999996,0.375,0.375,0,0,0.16666666666666663,0.75,0.2
7,2017-10-05,Main,7.18,EDward_Gaming,Ahq_eSports_Club,Ahq_eSports_Club,0,6.6238726414453595,-0.2,0.09999999999999998,0.0,9,-8,0.30000000000000004,0.6,0.3076923076923077
7,2017-10-05,Main,7.18,SK_Telecom_T1,Cloud9,SK_Telecom_T1,1,161.9567623418036,-0.4,-0.09999999999999998,0.19999999999999996,17,333,0.5,0.75,0.42105263157894735
7,2017-10-05,Main,7.18,Fnatic,GAM_Esports,GAM_Esports,0,111.85122753859582,0.30000000000000004,0.09999999999999998,0.15000000000000002,51,8,0.0,0.7142857142857143,0.5
7,2017-10-05,Main,7.18,Longzhu_Gaming,Immortals,Longzhu_Gaming,1,0.0,0.0,0.0,0.0,0,0,0.0,0.5,0.5
7,2017-10-05,Main,7.18,G2_Esports,Samsung_Galaxy,Samsung_Galaxy,0,-191.70773843148277,-0.2,-0.5333333333333333,-0.5980392156862745,-11,23,0.0,0.3333333333333333,0.7142857142857143
7,2017-10-05,Main,7.18,Royal_Never_Give_Up,Fenerbah_c3-_a7-e_Esports,Royal_Never_Give_Up,1,-60.98217873087651,-0.4,-0.37777777777777777,-0.37777777777777777,1,349,0.0,0.4,0.75
7,2017-10-06,Main,7.18,EDward_Gaming,SK_Telecom_T1,SK_Telecom_T1,0,-259.8124302698077,-0.39999999999999997,-0.29999999999999993,-0.29999999999999993,-22,0,-0.5,0.5625,0.8846153846153846
7,2017-10-06,Main,7.18,Ahq_eSports_Club,Cloud9,Cloud9,0,-53.79217522627005,-0.20000000000000007,-0.29999999999999993,0.0,-14,0,0.16666666666666663,0.6,0.4
7,2017-10-06,Main,7.18,Longzhu_Gaming,GAM_Esports,Longzhu_Gaming,1,-4.980069530756964,0.0,0.0,0.0,0,0,0.0,1.0,1.0
7,2017-10-06,Main,7.18,Immortals,Fnatic,Immortals,1,-106.87115800783886,-0.8,-0.6,-0.65,-51,0,0.0,0.5,0.5652173913043478
7,2017-10-06,Main,7.18,Team_WE,Misfits_Gaming,Team_WE,1,87.37109068793893,0.5,0.30000000000000004,0.30000000000000004,10,8,0.0,0.8,0.5
7,2017-10-06,Main,7.18,Flash_Wolves,TSM,TSM,0,53.18338696863043,-0.19999999999999996,-0.10000000000000003,0.03749999999999998,-25,-1,0.0,0.5,0.2631578947368421
7,2017-10-07,Main,7.18,Cloud9,EDward_Gaming,Cloud9,1,99.17933788399614,0.8,0.5,0.20000000000000007,5,0,0.0,0.6111111111111112,0.35294117647058826
7,2017-10-07,Main,7.18,SK_Telecom_T1,Ahq_eSports_Club,SK_Telecom_T1,1,253.22732358988856,0.19999999999999996,0.29999999999999993,0.19999999999999996,31,0,0.5,0.7586206896551724,0.35714285714285715
7,2017-10-07,Main,7.18,Samsung_Galaxy,Royal_Never_Give_Up,Royal_Never_Give_Up,0,133.2771969252351,0.19999999999999996,0.29999999999999993,0.32323232323232326,7,0,0.5,0.8,0.4
7,2017-10-07,Main,7.18,G2_Esports,Fenerbah_c3-_a7-e_Esports,G2_Esports,1,-97.79375004539088,-0.39999999999999997,-0.5571428571428572,-0.5571428571428572,-3,0,0.0,0.25,0.6
7,2017-10-07,Main,7.18,Flash_Wolves,Misfits_Gaming,Misfits_Gaming,0,-18.30121402499276,0.4,0.3,0.4117647058823529,16,0,0.0,0.4444444444444444,0.0
7,2017-10-07,Main,7.18,TSM,Team_WE,TSM,1,-146.1134983084205,-0.4,-0.5,-0.4181818181818182,31,0,0.0,0.5,0.8
7,2017-10-08,Main,7.18,Royal_Never_Give_Up,G2_Esports,Royal_Never_Give_Up,1,75.83628768776589,0.19999999999999996,0.15000000000000002,0.25,4,0,0.0,0.5,0.0
7,2017-10-08,Main,7.18,Fenerbah_c3-_a7-e_Esports,Samsung_Galaxy,Samsung_Galaxy,0,-108.38968113648048,-0.19999999999999996,0.0,-0.1004784688995215,-8,0,0.0,0.8,0.75
7,2017-10-08,Main,7.18,Fnatic,Longzhu_Gaming,Longzhu_Gaming,0,37.86979972242648,-0.4,-0.4,-0.4,51,0,0.0,0.6896551724137931,0.5
7,2017-10-08,Main,7.18,GAM_Esports,Immortals,Immortals,0,-0.021288754655415687,0.0,0.0,0.0,0,0,0.0,0.5,0.0
7,2017-10-08,Main,7.18,Misfits_Gaming,TSM,Misfits_Gaming,1,27.42383242322262,-0.09999999999999998,0.0,0.09999999999999998,-41,0,0.0,0.5,0.3
7,2017-10-08,Main,7.18,Team_WE,Flash_Wolves,Team_WE,1,122.5902770987193,0.6000000000000001,0.6000000000000001,0.3611111111111111,-6,0,0.0,0.8333333333333334,0.375
7,2017-10-12,Main,7.18,GAM_Esports,Fnatic,Fnatic,0,-63.61030481172861,-0.06666666666666671,-0.26666666666666666,-0.26666666666666666,-51,0,0.5,0.0,0.5416666666666666
7,2017-10-12,Main,7.18,Fnatic,Immortals,Fnatic,1,44.693911971135094,-0.2666666666666666,-0.06666666666666665,-0.016666666666666607,52,-4,-0.5,0.6666666666666666,0.5
7,2017-10-12,Main,7.18,Immortals,Longzhu_Gaming,Longzhu_Gaming,0,-43.14841489267815,-0.5,-0.5,-0.5,1,-4,-0.5,1.0,1.0
7,2017-10-12,Main,7.18,GAM_Esports,Fnatic,Fnatic,0,-103.76922301660807,-0.15000000000000002,-0.35,-0.4,-52,0,0.0,0.0,0.56
7,2017-10-12,Main,7.18,GAM_Esports,Longzhu_Gaming,Longzhu_Gaming,0,-99.69917829695714,-0.8,-0.8,-0.8,1,0,-0.5,0.0,1.0
7,2017-10-12,Main,7.18,Fnatic,Immortals,Fnatic,1,97.98155597106211,0.19999999999999996,0.29999999999999993,0.25,52,0,0.0,0.6774193548387096,0.3333333333333333
7,2017-10-12,Main,7.18,Longzhu_Gaming,Fnatic,Longzhu_Gaming,1,-26.859978562988317,0.19999999999999996,0.30000000000000004,0.35,-53,0,0.5,1.0,0.5769230769230769
7,2017-10-12,Main,7.18,Immortals,GAM_Esports,GAM_Esports,0,28.431545197482137,0.4,0.16666666666666666,0.16666666666666666,0,0,0.5,0.5,0.5
7,2017-10-13,Main,7.18,Royal_Never_Give_Up,Samsung_Galaxy,Royal_Never_Give_Up,1,-88.17287560812429,0.0,-0.09999999999999998,-0.21153846153846156,-7,0,-0.16666666666666669,0.5714285714285714,0.7777777777777778
7,2017-10-13,Main,7.18,Fenerbah_c3-_a7-e_Esports,G2_Esports,G2_Esports,0,58.41487471460755,-0.2,0.2777777777777778,0.36111111111111116,3,0,-0.5,0.6666666666666666,0.0
7,2017-10-13,Main,7.18,Fenerbah_c3-_a7-e_Esports,Royal_Never_Give_Up,Royal_Never_Give_Up,0,-81.1860522308823,-0.6000000000000001,-0.19999999999999996,-0.03296703296703296,-1,0,-0.5,0.5714285714285714,0.5
7,2017-10-13,Main,7.18,Samsung_Galaxy,G2_Esports,Samsung_Galaxy,1,150.49266948428658,0.0,0.2,0.39999999999999997,11,0,0.5,0.7272727272727273,0.2
7,2017-10-13,Main,7.18,Samsung_Galaxy,Fenerbah_c3-_a7-e_Esports,Samsung_Galaxy,1,151.20846936104272,0.6,0.09999999999999998,0.25,8,0,0.5,0.75,0.5
7,2017-10-13,Main,7.18,G2_Esports,Royal_Never_Give_Up,G2_Esports,1,-124.07144303306654,-0.6,-0.39999999999999997,-0.32727272727272727,-4,0,-0.5,0.4,0.5714285714285714
7,2017-10-14,Main,7.18,Misfits_Gaming,TSM,Misfits_Gaming,1,56.903236615191645,0.2666666666666666,0.16666666666666663,0.2666666666666666,-41,0,0.5,1.0,0.2857142857142857
7,2017-10-14,Main,7.18,Misfits_Gaming,Team_WE,Team_WE,0,-56.408402904128025,-0.050000000000000044,-0.15000000000000002,-0.019230769230769273,-9,-6,-0.5,1.0,0.6666666666666666
7,2017-10-14,Main,7.18,TSM,Flash_Wolves,Flash_Wolves,0,3.62862776346833,0.4,0.3,-0.01842105263157895,26,-6,0.5,0.5217391304347826,0.3333333333333333
7,2017-10-14,Main,7.18,TSM,Misfits_Gaming,TSM,1,-86.450833660547,-0.19999999999999996,-0.09999999999999998,-0.25,41,0,-0.5,0.5,0.5
7,2017-10-14,Main,7.18,Flash_Wolves,Team_WE,Team_WE,0,-141.00343499171572,-0.6000000000000001,-0.6000000000000001,-0.3857142857142857,6,0,-0.5,0.4,0.7142857142857143
7,2017-10-14,Main,7.18,Team_WE,TSM,Team_WE,1,159.6490119532309,0.4,0.4,0.45000000000000007,-32,0,-0.5,0.8571428571428571,0.2727272727272727
7,2017-10-14,Main,7.18,Misfits_Gaming,Flash_Wolves,Misfits_Gaming,1,47.685272515422184,0.39999999999999997,0.2,0.09999999999999998,-15,0,0.5,0.6666666666666666,0.4
7,2017-10-15,Main,7.18,SK_Telecom_T1,EDward_Gaming,SK_Telecom_T1,1,289.12473735162916,0.8,0.49999999999999994,0.4,22,0,0.5,0.7666666666666667,0.3333333333333333
7,2017-10-15,Main,7.18,Cloud9,Ahq_eSports_Club,Cloud9,1,98.47196550989383,0.4,0.5,0.14999999999999997,14,0,0.0,0.631578947368421,0.3333333333333333
7,2017-10-15,Main,7.18,Cloud9,SK_Telecom_T1,SK_Telecom_T1,0,-160.35079949902092,-0.19999999999999996,0.20000000000000007,-0.09999999999999998,-17,0,-0.5,0.65,0.8888888888888888
7,2017-10-15,Main,7.18,Ahq_eSports_Club,EDward_Gaming,EDward_Gaming,0,17.323853101637496,0.4,0.2,0.10000000000000003,-9,0,-0.16666666666666669,0.5454545454545454,0.3157894736842105
7,2017-10-15,Main,7.18,EDward_Gaming,Cloud9,EDward_Gaming,1,-113.06562164589104,-0.39999999999999997,-0.6000000000000001,-0.35000000000000003,-5,0,-0.5,0.5294117647058824,0.42857142857142855
7,2017-10-15,Main,7.18,Ahq_eSports_Club,SK_Telecom_T1,Ahq_eSports_Club,1,-307.8843465566763,-0.8,-0.5,-0.35,-31,0,-0.5,0.5,0.8928571428571429
7,2017-10-19,Main,7.18,Samsung_Galaxy,Longzhu_Gaming,Samsung_Galaxy,1,45.10528487230499,-0.4,-0.4,-0.25,17,-1,0.0,0.7692307692307693,1.0
7,2017-10-19,Main,7.18,Longzhu_Gaming,Samsung_Galaxy,Samsung_Galaxy,0,-72.97411764613184,0.0,0.15714285714285714,0.1071428571428571,-17,0,-0.5,1.0,0.7
7,2017-10-19,Main,7.18,Longzhu_Gaming,Samsung_Galaxy,Samsung_Galaxy,0,-98.35007493112516,-0.20000000000000007,0.050000000000000044,0.0,-17,0,-0.5,0.75,0.7272727272727273
7,2017-10-20,Main,7.18,SK_Telecom_T1,Misfits_Gaming,SK_Telecom_T1,1,226.6470579476736,0.20000000000000007,0.12857142857142856,0.12857142857142856,53,-1,0.0,0.7741935483870968,0.3333333333333333
7,2017-10-20,Main,7.18,Misfits_Gaming,SK_Telecom_T1,SK_Telecom_T1,0,-240.30322035067957,-0.4,-0.19999999999999996,-0.19999999999999996,-53,0,-0.5,0.75,0.8620689655172413
7,2017-10-20,Main,7.18,SK_Telecom_T1,Misfits_Gaming,Misfits_Gaming,0,253.1339457261247,0.6000000000000001,0.3555555555555556,0.3055555555555556,53,0,0.5,0.78125,0.25
7,2017-10-20,Main,7.18,Misfits_Gaming,SK_Telecom_T1,Misfits_Gaming,1,-201.22371685593544,-0.19999999999999996,-0.30000000000000004,-0.19999999999999996,-53,0,-0.16666666666666669,0.6,0.8666666666666667
7,2017-10-20,Main,7.18,SK_Telecom_T1,Misfits_Gaming,SK_Telecom_T1,1,152.51777277298788,-0.19999999999999996,0.09999999999999998,0.10454545454545461,53,0,0.0,0.7575757575757576,0.4
7,2017-10-21,Main,7.18,Fnatic,Royal_Never_Give_Up,Royal_Never_Give_Up,0,23.580359179705283,0.0,0.0,0.03749999999999998,43,1,0.0,0.6875,0.5
7,2017-10-21,Main,7.18,Fnatic,Royal_Never_Give_Up,Fnatic,1,-10.588143592141932,-0.20000000000000007,-0.19999999999999996,-0.038235294117647034,43,0,-0.5,0.6666666666666666,0.5555555555555556
7,2017-10-21,Main,7.18,Fnatic,Royal_Never_Give_Up,Royal_Never_Give_Up,0,22.386758682362597,0.0,-0.09999999999999998,-0.005555555555555536,43,0,0.0,0.6764705882352942,0.5
7,2017-10-21,Main,7.18,Fnatic,Royal_Never_Give_Up,Royal_Never_Give_Up,0,-11.672289210891904,-0.19999999999999996,-0.19999999999999996,-0.02894736842105261,43,0,-0.16666666666666669,0.6571428571428571,0.5454545454545454
7,2017-10-22,Main,7.18,Team_WE,Cloud9,Team_WE,1,53.887510998913285,0.20000000000000007,0.20000000000000007,0.21250000000000002,-27,1,0.0,0.875,0.4090909090909091
7,2017-10-22,Main,7.18,Cloud9,Team_WE,Team_WE,0,-80.96370736754602,-0.6,-0.30000000000000004,-0.2735294117647058,27,0,-0.5,0.6190476190476191,0.75
7,2017-10-22,Main,7.18,Team_WE,Cloud9,Cloud9,0,105.6387877163495,0.8,0.4,0.2833333333333333,-27,0,0.5,0.8888888888888888,0.391304347826087
7,2017-10-22,Main,7.18,Cloud9,Team_WE,Cloud9,1,-64.19823886405288,-0.6000000000000001,-0.30000000000000004,-0.18947368421052635,27,0,-0.16666666666666669,0.5909090909090909,0.7777777777777778
7,2017-10-22,Main,7.18,Team_WE,Cloud9,Team_WE,1,26.351749861112012,0.19999999999999996,0.19999999999999996,0.15000000000000002,-27,0,0.0,0.8,0.4166666666666667
7,2017-10-28,Main,7.18,Royal_Never_Give_Up,SK_Telecom_T1,SK_Telecom_T1,0,-116.05630472306461,0.0,0.10000000000000009,-0.09999999999999998,-45,-1,-0.25,0.625,0.8387096774193549
7,2017-10-28,Main,7.18,SK_Telecom_T1,Royal_Never_Give_Up,SK_Telecom_T1,1,137.74771495352866,0.0,0.0,0.1499999999999999,45,0,0.30000000000000004,0.7647058823529411,0.5833333333333334
7,2017-10-28,Main,7.18,Royal_Never_Give_Up,SK_Telecom_T1,Royal_Never_Give_Up,1,-157.6861361838089,-0.19999999999999996,-0.09999999999999998,-0.19999999999999996,-45,0,-0.33333333333333337,0.5555555555555556,0.84375
7,2017-10-28,Main,7.18,SK_Telecom_T1,Royal_Never_Give_Up,SK_Telecom_T1,1,112.08407386010254,0.0,0.0,0.09999999999999998,45,0,0.2142857142857143,0.7714285714285715,0.5384615384615384
7,2017-10-28,Main,7.18,Royal_Never_Give_Up,SK_Telecom_T1,Royal_Never_Give_Up,1,-134.10457056891778,-0.4,-0.09999999999999998,-0.1499999999999999,-45,0,-0.25,0.6,0.8181818181818182
7,2017-10-29,Main,7.18,Samsung_Galaxy,Team_WE,Samsung_Galaxy,1,55.008865621545965,0.4,0.0,-0.050000000000000044,5,3,0.0,0.7857142857142857,0.7
7,2017-10-29,Main,7.18,Team_WE,Samsung_Galaxy,Samsung_Galaxy,0,-81.9842770463249,-0.6,-0.10000000000000009,0.0,-5,0,-0.5,0.8181818181818182,0.75
7,2017-10-29,Main,7.18,Samsung_Galaxy,Team_WE,Samsung_Galaxy,1,106.57034476396825,0.8,0.20000000000000007,0.0,5,0,0.5,0.8,0.6363636363636364
7,2017-10-29,Main,7.18,Team_WE,Samsung_Galaxy,Team_WE,1,-129.05152601299665,-0.8,-0.4,-0.050000000000000044,-5,0,-0.5,0.75,0.7692307692307693
7,2017-11-04,Main,7.18,Samsung_Galaxy,SK_Telecom_T1,Samsung_Galaxy,1,-6.440759451347731,0.20000000000000007,0.20000000000000007,0.04999999999999993,-40,-1,-0.09999999999999998,0.8125,0.7941176470588235
7,2017-11-04,Main,7.18,Samsung_Galaxy,SK_Telecom_T1,Samsung_Galaxy,1,26.152388471682116,0.4,0.4,0.09999999999999998,-40,0,0.0,0.8235294117647058,0.7714285714285715
7,2017-11-04,Main,7.18,Samsung_Galaxy,SK_Telecom_T1,Samsung_Galaxy,1,55.74820344232421,0.6000000000000001,0.5,0.09999999999999998,-40,0,0.0714285714285714,0.8333333333333334,0.75
8,2018-10-01,Play in,8.19,Gambit_Esports,Kaos_Latin_Gamers,Gambit_Esports,1,-33.34410256387014,-0.25,-0.25,-0.25,0,2,0.0,0.0,0.5
8,2018-10-01,Play in,8.19,DetonatioN_FocusMe,Cloud9,Cloud9,0,-65.13223271156971,0.09999999999999998,0.0,-0.09999999999999998,-48,-345,0.0,0.5,0.4
8,2018-10-01,Play in,8.19,G_2d-Rex,Kaos_Latin_Gamers,G_2d-Rex,1,43.63310801459852,0.3,0.3,0.3,-5,-1,0.0,0.5,0.3333333333333333
8,2018-10-01,Play in,8.19,DetonatioN_FocusMe,KaBuM_21-_Esports,DetonatioN_FocusMe,1,40.37581205425272,-0.2,-0.16666666666666666,-0.16666666666666666,-5,-1464,0.0,0.0,0.0
8,2018-10-01,Play in,8.19,Gambit_Esports,G_2d-Rex,G_2d-Rex,0,-55.916618366152306,-0.8,-0.8,-0.8,4,0,0.0,0.3333333333333333,0.5
8,2018-10-01,Play in,8.19,Cloud9,KaBuM_21-_Esports,Cloud9,1,145.72739472282933,0.39999999999999997,0.35714285714285715,0.5071428571428571,42,0,0.5,0.6086956521739131,0.0
8,2018-10-02,Play in,8.19,Ascension_Gaming,G2_Esports,G2_Esports,0,19.54090342059112,-0.09999999999999998,0.09999999999999998,0.16666666666666669,-12,-355,0.0,0.5,0.16666666666666666
8,2018-10-02,Play in,8.19,Dire_Wolves,EDward_Gaming,EDward_Gaming,0,-45.06026724625576,-0.2,-0.09999999999999998,-0.14999999999999997,-33,21,0.0,0.3333333333333333,0.35
8,2018-10-02,Play in,8.19,Ascension_Gaming,Papara_SuperMassive,Papara_SuperMassive,0,-16.898944180871467,-0.5,-0.5,-0.5,1,1,0.0,0.0,0.5
8,2018-10-02,Play in,8.19,Dire_Wolves,INFINITY,Dire_Wolves,1,-63.84817020961327,-0.5,-0.33333333333333337,-0.33333333333333337,6,1,0.0,0.25,0.5
8,2018-10-02,Play in,8.19,G2_Esports,Papara_SuperMassive,Papara_SuperMassive,0,-17.864347218139528,-0.4,-0.5,-0.6153846153846154,12,0,0.0,0.5,1.0
8,2018-10-02,Play in,8.19,EDward_Gaming,INFINITY,EDward_Gaming,1,27.99266556389034,0.6,0.3,0.4,38,0,0.0,0.5555555555555556,0.0
8,2018-10-03,Play in,8.19,DetonatioN_FocusMe,KaBuM_21-_Esports,DetonatioN_FocusMe,1,78.3304143450539,0.3,0.375,0.375,-6,0,0.5,0.5,0.0
8,2018-10-03,Play in,8.19,Cloud9,DetonatioN_FocusMe,Cloud9,1,74.2577319305176,0.13333333333333341,-0.16666666666666663,0.033333333333333326,47,2,0.5,0.625,0.5
8,2018-10-03,Play in,8.19,Kaos_Latin_Gamers,G_2d-Rex,G_2d-Rex,0,-85.08229523065484,-0.8,-0.8333333333333334,-0.8333333333333334,4,0,-0.5,0.0,1.0
8,2018-10-03,Play in,8.19,KaBuM_21-_Esports,Cloud9,Cloud9,0,-190.1248912456001,-0.6000000000000001,-0.3888888888888889,-0.5888888888888888,-42,0,-0.5,0.3333333333333333,0.4230769230769231
8,2018-10-03,Play in,8.19,Kaos_Latin_Gamers,Gambit_Esports,Gambit_Esports,0,-14.430082576400764,-0.2,-0.023809523809523808,-0.023809523809523808,1,-2,-0.5,0.0,0.0
8,2018-10-03,Play in,8.19,KaBuM_21-_Esports,DetonatioN_FocusMe,KaBuM_21-_Esports,1,-98.62929302998009,-0.5,-0.4,-0.4,6,0,-0.5,0.25,0.0
8,2018-10-03,Play in,8.19,G_2d-Rex,Gambit_Esports,G_2d-Rex,1,79.63297059247566,0.6,0.7142857142857143,0.7142857142857143,-4,0,0.5,1.0,0.3333333333333333
8,2018-10-04,Play in,8.19,G2_Esports,Papara_SuperMassive,G2_Esports,1,-48.220428499962054,-0.4,-0.5,-0.6428571428571428,12,0,-0.5,0.42857142857142855,1.0
8,2018-10-04,Play in,8.19,EDward_Gaming,Dire_Wolves,EDward_Gaming,1,68.73919102120317,0.6000000000000001,0.11428571428571432,0.1642857142857143,33,0,0.5,0.5789473684210527,0.0
8,2018-10-04,Play in,8.19,G2_Esports,Ascension_Gaming,G2_Esports,1,32.507815744272875,0.6,0.5,0.4,13,-2,0.5,0.5,0.5
8,2018-10-04,Play in,8.19,INFINITY,Dire_Wolves,INFINITY,1,24.19429126855539,-0.2,-0.25,-0.25,-6,2,-0.5,0.5,0.0
8,2018-10-04,Play in,8.19,Papara_SuperMassive,Ascension_Gaming,Papara_SuperMassive,1,58.822590399571936,0.6666666666666666,0.6666666666666666,0.6666666666666666,0,0,0.5,0.5,0.0
8,2018-10-04,Play in,8.19,INFINITY,EDward_Gaming,INFINITY,1,-55.40751123936798,-0.6666666666666667,-0.16666666666666669,-0.16666666666666669,-38,0,-0.5,1.0,0.38095238095238093
8,2018-10-04,Play in,8.19,Papara_SuperMassive,G2_Esports,G2_Esports,0,10.616857350290047,-0.050000000000000044,0.15000000000000002,0.3125,-12,0,0.0,1.0,0.2857142857142857
8,2018-10-06,Play in,8.19,DetonatioN_FocusMe,EDward_Gaming,EDward_Gaming,0,-37.632479481007294,-0.4,-0.09999999999999998,-0.09999999999999998,-37,1,0.0,0.6666666666666666,0.36363636363636365
8,2018-10-06,Play in,8.19,EDward_Gaming,DetonatioN_FocusMe,EDward_Gaming,1,66.17989155808505,0.4,0.26666666666666666,0.16666666666666669,37,0,0.5,0.6,0.0
8,2018-10-06,Play in,8.19,DetonatioN_FocusMe,EDward_Gaming,EDward_Gaming,0,-92.15716363404431,-0.6000000000000001,-0.41428571428571426,-0.2142857142857143,-37,0,-0.5,0.5,0.391304347826087
8,2018-10-06,Play in,8.19,Cloud9,Gambit_Esports,Cloud9,1,160.90285470883464,0.4,0.35,0.44999999999999996,44,0,0.0,0.64,0.25
8,2018-10-06,Play in,8.19,Gambit_Esports,Cloud9,Gambit_Esports,1,-179.05901021910358,-0.6,-0.47777777777777775,-0.47777777777777775,-44,0,-0.5,0.25,0.4444444444444444
8,2018-10-06,Play in,8.19,Cloud9,Gambit_Esports,Cloud9,1,131.8871319112368,0.4,0.39999999999999997,0.35000000000000003,44,0,0.0,0.6538461538461539,0.2
8,2018-10-06,Play in,8.19,Gambit_Esports,Cloud9,Gambit_Esports,1,-152.29156393785206,-0.4,-0.5,-0.3772727272727273,-44,0,-0.16666666666666669,0.4,0.42857142857142855
8,2018-10-06,Play in,8.19,Cloud9,Gambit_Esports,Cloud9,1,107.0992592313487,0.19999999999999996,0.29999999999999993,0.26666666666666666,44,0,0.0,0.6666666666666666,0.16666666666666666
8,2018-10-07,Play in,8.19,Papara_SuperMassive,G_2d-Rex,G_2d-Rex,0,-42.980154098559524,-0.4,-0.4,-0.4,1,-1,0.0,0.5,1.0
8,2018-10-07,Play in,8.19,G_2d-Rex,Papara_SuperMassive,G_2d-Rex,1,71.04160617692423,0.6,0.5,0.5,-1,0,0.5,1.0,0.6666666666666666
8,2018-10-07,Play in,8.19,Papara_SuperMassive,G_2d-Rex,G_2d-Rex,0,-96.58812213614374,-0.8,-0.5714285714285714,-0.5714285714285714,1,0,-0.5,0.3333333333333333,1.0
8,2018-10-07,Play in,8.19,G_2d-Rex,Papara_SuperMassive,Papara_SuperMassive,0,119.91433744515234,0.8,0.625,0.625,-1,0,0.5,1.0,0.5
8,2018-10-07,Play in,8.19,INFINITY,G2_Esports,G2_Esports,0,-31.586093709341185,-0.30000000000000004,-0.19999999999999996,0.02941176470588236,-13,0,0.0,1.0,0.375
8,2018-10-07,Play in,8.19,G2_Esports,INFINITY,G2_Esports,1,60.68489537640562,0.4,0.29999999999999993,0.09999999999999998,13,0,0.5,0.5555555555555556,0.0
8,2018-10-07,Play in,8.19,INFINITY,G2_Esports,G2_Esports,0,-87.15176396055176,-0.6,-0.46666666666666673,-0.19298245614035087,-13,0,-0.5,0.6666666666666666,0.4444444444444444
8,2018-10-07,Play in,8.19,G2_Esports,INFINITY,INFINITY,0,111.28901594793706,0.6,0.5142857142857143,0.26428571428571435,13,0,0.5,0.6,0.0
8,2018-10-10,Main,8.19,Gen_2e-G,Team_Vitality,Team_Vitality,0,0.0,0.0,0.0,0.0,0,0,0.0,0.5,0.5
8,2018-10-10,Main,8.19,Royal_Never_Give_Up,Cloud9,Royal_Never_Give_Up,1,14.71928976254344,-0.19999999999999996,-0.19999999999999996,0.0,-32,343,0.0,0.6363636363636364,0.41379310344827586
8,2018-10-10,Main,8.19,Kwangdong_Freecs,G2_Esports,G2_Esports,0,-50.27735476531166,-0.30000000000000004,-0.30000000000000004,-0.050000000000000044,-21,-4,0.0,0.5,0.5
8,2018-10-10,Main,8.19,Phong_V_c5-_a9-_Buffalo,Flash_Wolves,Flash_Wolves,0,63.58764986860888,0.3,0.2,0.15000000000000002,-22,-362,0.0,0.5,0.36363636363636365
8,2018-10-10,Main,8.19,EDward_Gaming,MAD_Team,EDward_Gaming,1,57.258749315743444,0.30000000000000004,0.30000000000000004,0.0,45,5,0.0,0.6190476190476191,0.5
8,2018-10-10,Main,8.19,KT_Rolster,Team_Liquid,KT_Rolster,1,28.081898161599383,-0.09999999999999998,0.09999999999999998,0.09999999999999998,10,1089,0.0,0.6,0.5
8,2018-10-11,Main,8.19,Gen_2e-G,Royal_Never_Give_Up,Royal_Never_Give_Up,0,-138.83904243812708,-0.6,-0.6,-0.6,-25,0,0.0,0.0,0.5
8,2018-10-11,Main,8.19,Team_Vitality,Cloud9,Cloud9,0,-61.474638859891,0.6,0.30000000000000004,0.4,-57,0,0.0,0.5,0.4
8,2018-10-11,Main,8.19,Invictus_Gaming,G_2d-Rex,Invictus_Gaming,1,-105.39642515437845,-0.4,-0.575,-0.5113636363636364,3,1092,0.0,0.5,1.0
8,2018-10-11,Main,8.19,100_Thieves,Fnatic,Fnatic,0,-52.0566961394336,0.3,0.0,-0.050000000000000044,-63,-356,0.0,0.5,0.5555555555555556
8,2018-10-11,Main,8.19,Phong_V_c5-_a9-_Buffalo,G2_Esports,Phong_V_c5-_a9-_Buffalo,1,-82.8740804447848,-0.8,-0.8,-0.6,-21,0,0.0,0.0,0.5454545454545454
8,2018-10-11,Main,8.19,Flash_Wolves,Kwangdong_Freecs,Flash_Wolves,1,-30.99092418913574,0.4,0.3,0.4,22,0,0.0,0.36363636363636365,0.5
8,2018-10-12,Main,8.19,Cloud9,Gen_2e-G,Gen_2e-G,0,116.59894984056496,0.6,0.7,0.6,57,0,0.0,0.6785714285714286,0.5
8,2018-10-12,Main,8.19,Royal_Never_Give_Up,Team_Vitality,Royal_Never_Give_Up,1,129.96335341880103,0.30000000000000004,0.09999999999999998,0.15000000000000002,25,0,0.0,0.6666666666666666,1.0
8,2018-10-12,Main,8.19,100_Thieves,G_2d-Rex,100_Thieves,1,-62.06657329930613,-0.6,-0.7777777777777778,-0.7777777777777778,-8,0,0.0,0.0,0.8
8,2018-10-12,Main,8.19,Fnatic,Invictus_Gaming,Invictus_Gaming,0,81.20734334752729,-0.19999999999999996,0.3,0.1833333333333333,52,0,0.5,0.6388888888888888,0.2
8,2018-10-12,Main,8.19,Team_Liquid,EDward_Gaming,EDward_Gaming,0,-85.3550922249483,-0.8,-0.9,-0.55,-45,0,0.0,0.5,0.4166666666666667
8,2018-10-12,Main,8.19,MAD_Team,KT_Rolster,KT_Rolster,0,-56.17824107080423,-0.4,-0.6,-0.6363636363636364,-10,0,0.0,0.5,0.6
8,2018-10-13,Main,8.19,KT_Rolster,EDward_Gaming,KT_Rolster,1,-26.56527390860265,-0.4,-0.30000000000000004,0.11666666666666659,-35,0,0.0,0.6666666666666666,0.44
8,2018-10-13,Main,8.19,Team_Liquid,MAD_Team,Team_Liquid,1,-0.03409535565060651,0.0,0.0,0.0,0,0,0.0,0.0,0.0
8,2018-10-13,Main,8.19,G_2d-Rex,Fnatic,Fnatic,0,-16.386242407108966,0.0,0.19999999999999996,0.1499999999999999,-55,0,0.0,0.75,0.5714285714285714
8,2018-10-13,Main,8.19,Invictus_Gaming,100_Thieves,Invictus_Gaming,1,-1.064845912984083,0.09999999999999998,-0.09999999999999998,-0.038461538461538436,11,0,0.0,0.5714285714285714,0.5
8,2018-10-13,Main,8.19,G2_Esports,Flash_Wolves,G2_Esports,1,71.50048667301098,0.0,0.39999999999999997,0.19999999999999996,-1,0,0.0,0.5454545454545454,0.4166666666666667
8,2018-10-13,Main,8.19,Kwangdong_Freecs,Phong_V_c5-_a9-_Buffalo,Kwangdong_Freecs,1,-31.973746332856308,-0.5,-0.5,-0.5,0,0,0.0,0.0,0.5
8,2018-10-14,Main,8.19,Royal_Never_Give_Up,Cloud9,Royal_Never_Give_Up,1,73.54839186930872,0.4,0.09999999999999998,0.09999999999999998,-32,0,0.5,0.6923076923076923,0.41935483870967744
8,2018-10-14,Main,8.19,Royal_Never_Give_Up,Gen_2e-G,Royal_Never_Give_Up,1,160.45665595887544,0.6666666666666667,0.36666666666666664,0.36666666666666664,26,-2,0.5,0.7142857142857143,1.0
8,2018-10-14,Main,8.19,Cloud9,Team_Vitality,Cloud9,1,64.31094813372329,0.06666666666666671,0.16666666666666669,0.16666666666666669,58,-2,0.5,0.6551724137931034,0.5
8,2018-10-14,Main,8.19,Cloud9,Royal_Never_Give_Up,Cloud9,1,-94.8967911646298,-0.6,-0.19999999999999996,-0.19999999999999996,32,0,-0.5,0.6666666666666666,0.5333333333333333
8,2018-10-14,Main,8.19,Team_Vitality,Gen_2e-G,Team_Vitality,1,-6.704981670906363,0.0,0.0,0.0,0,0,0.5,0.0,0.5
8,2018-10-14,Main,8.19,Gen_2e-G,Cloud9,Cloud9,0,-120.32281262950733,-0.39999999999999997,-0.3,-0.39999999999999997,-58,0,0.5,0.0,0.40625
8,2018-10-14,Main,8.19,Team_Vitality,Royal_Never_Give_Up,Team_Vitality,1,-148.7778475368791,-0.4,-0.29999999999999993,-0.29999999999999993,-26,0,-0.5,0.5,0.5
8,2018-10-15,Main,8.19,Flash_Wolves,G2_Esports,G2_Esports,0,-97.00646794925478,-0.19999999999999996,-0.5,-0.30000000000000004,1,0,-0.5,0.4166666666666667,0.5
8,2018-10-15,Main,8.19,G2_Esports,Kwangdong_Freecs,Kwangdong_Freecs,0,82.28633722399104,0.26666666666666666,0.46666666666666673,0.3166666666666667,22,-2,0.5,0.5833333333333334,0.0
8,2018-10-15,Main,8.19,Flash_Wolves,Phong_V_c5-_a9-_Buffalo,Phong_V_c5-_a9-_Buffalo,0,-35.047798498177144,0.06666666666666671,-0.033333333333333326,-0.033333333333333326,23,-2,0.5,0.38461538461538464,0.0
8,2018-10-15,Main,8.19,Phong_V_c5-_a9-_Buffalo,Kwangdong_Freecs,Kwangdong_Freecs,0,-8.291544530450665,0.0,0.0,0.0,0,0,-0.5,0.5,0.5
8,2018-10-15,Main,8.19,Flash_Wolves,G2_Esports,Flash_Wolves,1,-114.96830929837847,-0.19999999999999996,-0.39999999999999997,-0.35000000000000003,1,0,-0.5,0.35714285714285715,0.5384615384615384
8,2018-10-15,Main,8.19,G2_Esports,Phong_V_c5-_a9-_Buffalo,G2_Esports,1,45.64651485188688,0.0,0.19999999999999996,0.25,22,0,-0.5,0.5384615384615384,0.5
8,2018-10-15,Main,8.19,Kwangdong_Freecs,Flash_Wolves,Kwangdong_Freecs,1,66.63111392714814,0.19999999999999996,0.19999999999999996,0.3,-23,0,-0.5,0.5,0.38461538461538464
8,2018-10-16,Main,8.19,KT_Rolster,MAD_Team,KT_Rolster,1,116.27122804057876,0.8,0.7,0.6923076923076923,10,0,0.5,0.7142857142857143,0.0
8,2018-10-16,Main,8.19,EDward_Gaming,Team_Liquid,Team_Liquid,0,76.42546187175208,0.46666666666666673,0.46666666666666673,0.21666666666666673,45,0,0.5,0.6363636363636364,0.0
8,2018-10-16,Main,8.19,EDward_Gaming,KT_Rolster,EDward_Gaming,1,-38.17739160776023,-0.4,0.0,-0.2142857142857143,35,0,-0.5,0.6086956521739131,0.6666666666666666
8,2018-10-16,Main,8.19,MAD_Team,Team_Liquid,Team_Liquid,0,-62.26971532422499,-0.5,-0.5,-0.5,0,0,-0.5,0.0,0.5
8,2018-10-16,Main,8.19,MAD_Team,EDward_Gaming,EDward_Gaming,0,-130.6812900481632,-0.6,-0.7,-0.55,-45,0,-0.5,0.0,0.4230769230769231
8,2018-10-16,Main,8.19,Team_Liquid,KT_Rolster,KT_Rolster,0,-44.76140483997733,-0.20000000000000007,0.0,-0.06666666666666665,-10,0,-0.5,0.5,0.5714285714285714
8,2018-10-17,Main,8.19,Fnatic,Invictus_Gaming,Fnatic,1,41.05807003839891,-0.19999999999999996,0.0,0.050000000000000044,52,0,0.16666666666666663,0.6216216216216216,0.3333333333333333
8,2018-10-17,Main,8.19,Invictus_Gaming,Fnatic,Fnatic,0,-69.29398785221292,0.0,0.0,-0.1333333333333333,-52,0,-0.25,0.625,0.5862068965517241
8,2018-10-17,Main,8.19,G_2d-Rex,100_Thieves,100_Thieves,0,25.21316800315003,-0.1333333333333333,0.26666666666666666,0.30303030303030304,8,0,-0.5,0.6,0.0
8,2018-10-17,Main,8.19,100_Thieves,Invictus_Gaming,Invictus_Gaming,0,13.094347784439833,-0.09999999999999998,0.0,0.0625,-12,0,-0.5,0.5,0.2857142857142857
8,2018-10-17,Main,8.19,Fnatic,G_2d-Rex,Fnatic,1,91.00570924558792,0.8,0.0,0.016666666666666607,56,0,0.5,0.631578947368421,0.6666666666666666
8,2018-10-17,Main,8.19,G_2d-Rex,Invictus_Gaming,Invictus_Gaming,0,-24.51568705888394,-0.6,-0.19999999999999996,0.0678733031674208,-4,0,-0.5,0.5,0.375
8,2018-10-17,Main,8.19,Fnatic,100_Thieves,Fnatic,1,110.40577878586032,0.4,0.19999999999999996,0.19999999999999996,64,0,0.5,0.6410256410256411,0.5
8,2018-10-20,Main,8.19,Royal_Never_Give_Up,G2_Esports,G2_Esports,0,80.36506809548837,0.0,0.09999999999999998,0.0,4,1,0.0,0.7333333333333333,0.5
8,2018-10-20,Main,8.19,G2_Esports,Royal_Never_Give_Up,G2_Esports,1,-41.092416727942236,0.19999999999999996,0.0,0.09999999999999998,-4,0,0.16666666666666663,0.5714285714285714,0.47058823529411764
8,2018-10-20,Main,8.19,Royal_Never_Give_Up,G2_Esports,Royal_Never_Give_Up,1,5.325214901256459,-0.39999999999999997,0.0,-0.1499999999999999,4,0,-0.25,0.6875,0.5333333333333333
8,2018-10-20,Main,8.19,G2_Esports,Royal_Never_Give_Up,G2_Esports,1,-36.8347828873093,0.39999999999999997,0.0,0.1499999999999999,-4,0,0.09999999999999998,0.6,0.4444444444444444
8,2018-10-20,Main,8.19,Royal_Never_Give_Up,G2_Esports,Royal_Never_Give_Up,1,1.4548281313036568,-0.6000000000000001,-0.09999999999999998,-0.1499999999999999,4,0,-0.16666666666666669,0.7058823529411765,0.5
8,2018-10-20,Main,8.19,KT_Rolster,Invictus_Gaming,Invictus_Gaming,0,55.78435905573883,0.20000000000000007,0.0,0.1875,-2,1,0.0,0.75,0.4444444444444444
8,2018-10-20,Main,8.19,KT_Rolster,Invictus_Gaming,KT_Rolster,1,18.690130400048247,0.0,0.0,0.12074303405572762,-2,0,-0.5,0.6666666666666666,0.5
8,2018-10-20,Main,8.19,KT_Rolster,Invictus_Gaming,KT_Rolster,1,48.97036436944995,0.0,0.09999999999999998,0.16666666666666663,-2,0,0.0,0.7,0.45454545454545453
8,2018-10-20,Main,8.19,KT_Rolster,Invictus_Gaming,Invictus_Gaming,0,76.48965965468801,0.0,0.20000000000000007,0.23421052631578948,-2,0,0.16666666666666663,0.7272727272727273,0.4166666666666667
8,2018-10-20,Main,8.19,KT_Rolster,Invictus_Gaming,Invictus_Gaming,0,37.556356273467145,0.0,0.09999999999999998,0.2,-2,0,0.0,0.6666666666666666,0.46153846153846156
8,2018-10-21,Main,8.19,EDward_Gaming,Fnatic,Fnatic,0,-37.092230672741834,-0.4,0.0,0.0,-19,1,-0.5,0.625,0.6
8,2018-10-21,Main,8.19,Fnatic,EDward_Gaming,Fnatic,1,65.68883047584336,0.6,0.0,0.0,19,0,0.5,0.65,0.4444444444444444
8,2018-10-21,Main,8.19,Fnatic,EDward_Gaming,Fnatic,1,91.70974039821954,0.6,0.20000000000000007,0.050000000000000044,19,0,0.5,0.6585365853658537,0.42857142857142855
8,2018-10-21,Main,8.19,Fnatic,EDward_Gaming,EDward_Gaming,0,115.45382241048378,0.6,0.4,0.09999999999999998,19,0,0.5,0.6666666666666666,0.41379310344827586
8,2018-10-21,Main,8.19,Cloud9,Kwangdong_Freecs,Cloud9,1,66.18896057585653,-0.20000000000000007,-0.06666666666666665,-0.016666666666666607,58,1,0.0,0.6774193548387096,0.6666666666666666
8,2018-10-21,Main,8.19,Cloud9,Kwangdong_Freecs,Cloud9,1,92.1654269568362,0.0,0.02857142857142858,0.12857142857142856,58,0,0.5,0.6875,0.5
8,2018-10-21,Main,8.19,Cloud9,Kwangdong_Freecs,Cloud9,1,115.87034561507471,0.4,0.19999999999999996,0.19999999999999996,58,0,0.5,0.696969696969697,0.4
8,2018-10-27,Main,8.19,Invictus_Gaming,G2_Esports,Invictus_Gaming,1,-13.697213166393112,0.0,0.0,-0.15000000000000002,-10,0,0.0,0.5555555555555556,0.47058823529411764
8,2018-10-27,Main,8.19,Invictus_Gaming,G2_Esports,Invictus_Gaming,1,19.563693608184394,0.19999999999999996,0.09999999999999998,-0.09999999999999998,-10,0,0.5,0.6,0.4444444444444444
8,2018-10-27,Main,8.19,Invictus_Gaming,G2_Esports,Invictus_Gaming,1,49.76371282627065,0.6000000000000001,0.29999999999999993,0.0,-10,0,0.5,0.6363636363636364,0.42105263157894735
8,2018-10-28,Main,8.19,Fnatic,Cloud9,Fnatic,1,-7.28185383756113,-0.19999999999999996,0.10000000000000009,0.0,7,0,0.09999999999999998,0.6511627906976745,0.42424242424242425
8,2018-10-28,Main,8.19,Cloud9,Fnatic,Fnatic,0,-25.388731498949937,0.0,-0.20000000000000007,0.0,-7,0,-0.16666666666666669,0.7058823529411765,0.6129032258064516
8,2018-10-28,Main,8.19,Fnatic,Cloud9,Fnatic,1,55.05449629699183,0.20000000000000007,0.30000000000000004,0.04999999999999993,7,0,0.2142857142857143,0.6590909090909091,0.4117647058823529
8,2018-11-03,Main,8.19,Invictus_Gaming,Fnatic,Invictus_Gaming,1,-76.9159852652781,0.19999999999999996,-0.09999999999999998,-0.04999999999999993,-51,1,-0.3,0.6666666666666666,0.625
8,2018-11-03,Main,8.19,Fnatic,Invictus_Gaming,Invictus_Gaming,0,37.945269116163445,-0.4,0.0,-0.04999999999999993,51,0,0.16666666666666663,0.6666666666666666,0.5
8,2018-11-03,Main,8.19,Fnatic,Invictus_Gaming,Invictus_Gaming,0,2.4642103412568304,-0.4,-0.10000000000000009,-0.04999999999999993,51,0,0.0714285714285714,0.6521739130434783,0.5333333333333333
9,2019-10-02,Play in,9.19,Splyce,Isurus,Splyce,1,-58.12899702306163,-0.3,-0.33333333333333337,-0.33333333333333337,6,1090,0.0,0.3333333333333333,0.5
9,2019-10-02,Play in,9.19,MAMMOTH,Clutch_Gaming,Clutch_Gaming,0,0.0,0.0,0.0,0.0,0,0,0.0,0.5,0.5
9,2019-10-02,Play in,9.19,DetonatioN_FocusMe,Isurus,Isurus,0,-39.95180494705755,0.0,0.25,0.25,7,361,0.0,0.4,0.0
9,2019-10-02,Play in,9.19,MAMMOTH,Unicorns_of_Love_2e-CIS,MAMMOTH,1,-16.0,-0.5,-0.5,-0.5,1,1,0.0,0.0,0.5
9,2019-10-02,Play in,9.19,DetonatioN_FocusMe,Splyce,Splyce,0,-33.295501927641226,-0.4,-0.06349206349206349,-0.06349206349206349,2,0,0.0,0.3333333333333333,0.0
9,2019-10-02,Play in,9.19,Clutch_Gaming,Unicorns_of_Love_2e-CIS,Unicorns_of_Love_2e-CIS,0,32.73630679352209,1.0,1.0,1.0,0,0,0.0,0.5,0.0
9,2019-10-03,Play in,9.19,Hong_Kong_Attitude,Lowkey_Esports_2e-Vietnam,Lowkey_Esports_2e-Vietnam,0,-18.307929354309863,-0.09999999999999998,-0.125,-0.125,8,736,0.0,0.3333333333333333,0.5
9,2019-10-03,Play in,9.19,Royal_Youth,Flamengo_Esports,Flamengo_Esports,0,0.0,0.0,0.0,0.0,0,0,0.0,0.5,0.5
9,2019-10-03,Play in,9.19,MEGA,Lowkey_Esports_2e-Vietnam,MEGA,1,-15.157668187282297,-0.5,-0.5,-0.5,-1,-1,0.0,0.5,1.0
9,2019-10-03,Play in,9.19,DWG_KIA,Flamengo_Esports,DWG_KIA,1,-16.0,-0.5,-0.5,-0.5,-1,-1,0.0,0.5,1.0
9,2019-10-03,Play in,9.19,MEGA,Hong_Kong_Attitude,Hong_Kong_Attitude,0,50.16319142806037,0.8,0.6666666666666667,0.6666666666666667,-8,0,0.0,1.0,0.4
9,2019-10-03,Play in,9.19,Royal_Youth,DWG_KIA,DWG_KIA,0,-32.73630679352209,-1.0,-1.0,-1.0,0,0,0.0,0.0,0.5
9,2019-10-04,Play in,9.19,Clutch_Gaming,Unicorns_of_Love_2e-CIS,Clutch_Gaming,1,-2.26992738889021,0.0,0.0,0.0,0,0,-0.5,0.0,0.5
9,2019-10-04,Play in,9.19,MAMMOTH,Unicorns_of_Love_2e-CIS,Unicorns_of_Love_2e-CIS,0,16.074029027875213,0.16666666666666669,0.16666666666666669,0.16666666666666669,-1,2,0.5,0.5,0.3333333333333333
9,2019-10-04,Play in,9.19,Isurus,Splyce,Splyce,0,20.521376957181474,-0.09999999999999998,0.125,0.125,-6,0,-0.5,0.5,0.25
9,2019-10-04,Play in,9.19,Clutch_Gaming,MAMMOTH,Clutch_Gaming,1,30.604817350339317,0.3333333333333333,0.3333333333333333,0.3333333333333333,0,0,0.5,0.5,0.5
9,2019-10-04,Play in,9.19,Isurus,DetonatioN_FocusMe,Isurus,1,65.81565637130598,0.3333333333333333,0.1333333333333333,0.1333333333333333,-7,-2,0.5,0.0,0.0
9,2019-10-04,Play in,9.19,Unicorns_of_Love_2e-CIS,MAMMOTH,MAMMOTH,0,31.99961857516041,0.25,0.25,0.25,0,0,0.0,0.5,0.0
9,2019-10-04,Play in,9.19,Splyce,DetonatioN_FocusMe,DetonatioN_FocusMe,0,92.18699185644664,0.8,0.2444444444444444,0.2626262626262626,-2,0,0.5,0.5,0.0
9,2019-10-04,Play in,9.19,Unicorns_of_Love_2e-CIS,Clutch_Gaming,Unicorns_of_Love_2e-CIS,1,-45.263143281007615,-0.35,-0.35,-0.35,1,0,0.0,0.0,1.0
9,2019-10-05,Play in,9.19,Royal_Youth,Flamengo_Esports,Royal_Youth,1,-29.76057611527176,-0.5,-0.5,-0.5,0,0,-0.5,0.0,0.5
9,2019-10-05,Play in,9.19,Lowkey_Esports_2e-Vietnam,Hong_Kong_Attitude,Hong_Kong_Attitude,0,13.631490857765357,0.3,0.09999999999999998,0.09999999999999998,-8,0,0.5,0.5,0.5
9,2019-10-05,Play in,9.19,Flamengo_Esports,Royal_Youth,Royal_Youth,0,-4.973789923198183,0.0,0.0,0.0,0,0,0.0,0.5,0.5
9,2019-10-05,Play in,9.19,Lowkey_Esports_2e-Vietnam,MEGA,Lowkey_Esports_2e-Vietnam,1,-16.57077004085704,-0.16666666666666669,-0.16666666666666669,-0.16666666666666669,1,-2,-0.5,0.0,0.5
9,2019-10-05,Play in,9.19,Flamengo_Esports,DWG_KIA,DWG_KIA,0,-65.10764367038814,-0.75,-0.75,-0.75,2,-2,-0.5,0.0,1.0
9,2019-10-05,Play in,9.19,Hong_Kong_Attitude,MEGA,Hong_Kong_Attitude,1,19.815136034652824,0.06666666666666671,0.16666666666666669,0.12121212121212122,8,0,0.5,0.25,0.0
9,2019-10-05,Play in,9.19,DWG_KIA,Royal_Youth,DWG_KIA,1,41.6282186935307,0.5,0.5,0.5,-1,0,0.5,1.0,1.0
9,2019-10-07,Play in,9.19,Clutch_Gaming,Royal_Youth,Clutch_Gaming,1,22.573720590506355,0.19999999999999996,0.19999999999999996,0.19999999999999996,0,1,0.0,0.6666666666666666,0.5
9,2019-10-07,Play in,9.19,Clutch_Gaming,Royal_Youth,Clutch_Gaming,1,52.49752475999571,0.19999999999999996,0.3333333333333333,0.3333333333333333,0,0,0.5,0.75,0.3333333333333333
9,2019-10-07,Play in,9.19,Clutch_Gaming,Royal_Youth,Clutch_Gaming,1,79.69878890263112,0.4,0.4285714285714286,0.4285714285714286,0,0,0.5,0.8,0.25
9,2019-10-07,Play in,9.19,Lowkey_Esports_2e-Vietnam,DWG_KIA,DWG_KIA,0,-59.766376944947524,-0.5,-0.5,-0.5,0,0,0.0,0.5,1.0
9,2019-10-07,Play in,9.19,DWG_KIA,Lowkey_Esports_2e-Vietnam,DWG_KIA,1,86.31535221427771,0.6,0.6,0.6,0,0,0.5,1.0,0.5
9,2019-10-07,Play in,9.19,DWG_KIA,Lowkey_Esports_2e-Vietnam,DWG_KIA,1,110.52503229226636,0.8,0.6666666666666667,0.6666666666666667,0,0,0.5,1.0,0.3333333333333333
9,2019-10-07,Play in,9.19,Lowkey_Esports_2e-Vietnam,DWG_KIA,Lowkey_Esports_2e-Vietnam,1,-132.6753374867974,-0.8,-0.7142857142857143,-0.7142857142857143,0,0,-0.5,0.3333333333333333,1.0
9,2019-10-08,Play in,9.19,Splyce,Unicorns_of_Love_2e-CIS,Splyce,1,-30.21515106366178,0.20000000000000007,-0.09999999999999998,-0.09999999999999998,4,0,0.0,0.4,0.5
9,2019-10-08,Play in,9.19,Unicorns_of_Love_2e-CIS,Splyce,Unicorns_of_Love_2e-CIS,1,-4.56077250564158,-0.4,-0.07142857142857145,-0.025974025974025983,-4,0,-0.5,0.5,0.4
9,2019-10-08,Play in,9.19,Splyce,Unicorns_of_Love_2e-CIS,Splyce,1,-27.859266039397426,0.0,0.0,-0.08333333333333331,4,0,0.0,0.5,0.4
9,2019-10-08,Play in,9.19,Splyce,Unicorns_of_Love_2e-CIS,Splyce,1,6.701181900970369,0.19999999999999996,0.15555555555555556,0.017094017094017144,4,0,0.16666666666666663,0.5714285714285714,0.3333333333333333
9,2019-10-08,Play in,9.19,Unicorns_of_Love_2e-CIS,Splyce,Unicorns_of_Love_2e-CIS,1,-38.084056762552336,-0.19999999999999996,-0.29999999999999993,-0.09999999999999998,-4,0,-0.25,0.6666666666666666,0.3333333333333333
9,2019-10-08,Play in,9.19,Isurus,Hong_Kong_Attitude,Hong_Kong_Attitude,0,-24.967630333857187,-0.09999999999999998,0.0,0.0,-8,1,0.0,0.5,0.5714285714285714
9,2019-10-08,Play in,9.19,Hong_Kong_Attitude,Isurus,Hong_Kong_Attitude,1,54.67197700239217,0.4,0.19999999999999996,0.1384615384615384,8,0,0.5,0.4,0.5
9,2019-10-08,Play in,9.19,Isurus,Hong_Kong_Attitude,Isurus,1,-81.67765661167982,-0.6,-0.26666666666666666,-0.23809523809523808,-8,0,-0.5,0.3333333333333333,0.625
9,2019-10-08,Play in,9.19,Hong_Kong_Attitude,Isurus,Hong_Kong_Attitude,1,42.2904546613629,0.4,0.07142857142857145,0.10476190476190478,8,0,0.16666666666666663,0.5,0.3333333333333333
9,2019-10-12,Main,9.19,GAM_Esports,Splyce,Splyce,0,-18.12678834888493,-0.39999999999999997,-0.41428571428571426,-0.18095238095238098,-8,726,0.0,0.0,0.2857142857142857
9,2019-10-12,Main,9.19,J_Team,FunPlus_Phoenix,J_Team,1,0.0,0.0,0.0,0.0,0,0,0.0,0.5,0.5
9,2019-10-12,Main,9.19,DWG_KIA,Team_Liquid,Team_Liquid,0,65.16469995402372,0.20000000000000007,0.375,0.375,2,-356,0.0,1.0,0.6666666666666666
9,2019-10-12,Main,9.19,Invictus_Gaming,Ahq_eSports_Club,Invictus_Gaming,1,165.13006358452049,0.8,0.4,0.29999999999999993,0,-384,0.0,0.6923076923076923,0.3125
9,2019-10-12,Main,9.19,Royal_Never_Give_Up,Clutch_Gaming,Royal_Never_Give_Up,1,46.47571569172419,-0.4,-0.25,-0.19999999999999996,29,352,0.0,0.7222222222222222,0.5
9,2019-10-12,Main,9.19,Fnatic,SK_Telecom_T1,SK_Telecom_T1,0,-32.73266953887628,0.2,0.19999999999999996,0.050000000000000044,7,-364,0.0,0.6382978723404256,0.7297297297297297
9,2019-10-13,Main,9.19,Cloud9,Hong_Kong_Attitude,Cloud9,1,52.61247301309436,-0.4,0.0,0.03749999999999998,54,345,0.0,0.6857142857142857,0.5555555555555556
9,2019-10-13,Main,9.19,Griffin__28-Korean_Team_29-,G2_Esports,G2_Esports,0,-19.7788115079602,0.3,0.09999999999999998,-0.050000000000000044,-36,-352,0.0,0.5,0.4
9,2019-10-13,Main,9.19,Ahq_eSports_Club,DWG_KIA,DWG_KIA,0,-77.74167013447573,-0.39999999999999997,-0.4777777777777778,-0.37777777777777777,21,0,0.0,0.5384615384615384,0.75
9,2019-10-13,Main,9.19,Team_Liquid,Invictus_Gaming,Invictus_Gaming,0,-132.46196201335215,-0.19999999999999996,-0.3285714285714286,-0.1785714285714286,-23,0,0.0,0.3333333333333333,0.5625
9,2019-10-13,Main,9.19,Fnatic,Clutch_Gaming,Fnatic,1,67.86393080217204,-0.39999999999999997,-0.16666666666666663,-0.06666666666666665,72,0,0.0,0.625,0.3333333333333333
9,2019-10-13,Main,9.19,SK_Telecom_T1,Royal_Never_Give_Up,SK_Telecom_T1,1,55.370203595507064,-0.39999999999999997,0.0,0.0,36,0,0.16666666666666663,0.7777777777777778,0.42105263157894735
9,2019-10-14,Main,9.19,G2_Esports,Cloud9,G2_Esports,1,-70.6068933013562,-0.2,-0.19999999999999996,-0.04999999999999993,-34,0,0.0,0.625,0.4
9,2019-10-14,Main,9.19,Griffin__28-Korean_Team_29-,Hong_Kong_Attitude,Griffin__28-Korean_Team_29-,1,-40.76258568646131,-0.6,-0.6,-0.5294117647058824,-16,0,0.0,0.0,0.5
9,2019-10-14,Main,9.19,J_Team,GAM_Esports,GAM_Esports,0,61.09993349287561,0.8,0.75,0.75,-7,0,0.0,1.0,0.6666666666666666
9,2019-10-14,Main,9.19,FunPlus_Phoenix,Splyce,FunPlus_Phoenix,1,-19.35882914877766,-0.6,-0.7,-0.5,-15,0,0.0,0.5,0.375
9,2019-10-14,Main,9.19,Ahq_eSports_Club,Team_Liquid,Team_Liquid,0,-52.808665326318305,-0.39999999999999997,-0.2,-0.15000000000000002,23,0,0.0,0.5,0.75
9,2019-10-14,Main,9.19,Invictus_Gaming,DWG_KIA,DWG_KIA,0,102.93054312104869,0.4,0.19999999999999996,0.0,21,0,0.0,0.7142857142857143,0.8
9,2019-10-15,Main,9.19,Hong_Kong_Attitude,G2_Esports,G2_Esports,0,-46.27264792757205,0.0,0.09999999999999998,-0.050000000000000044,-20,0,0.0,0.5714285714285714,0.42857142857142855
9,2019-10-15,Main,9.19,Cloud9,Griffin__28-Korean_Team_29-,Griffin__28-Korean_Team_29-,0,83.48982171561988,-0.3,0.09999999999999998,0.050000000000000044,70,0,0.0,0.6944444444444444,0.5
9,2019-10-15,Main,9.19,Splyce,J_Team,J_Team,0,-10.746652789609016,0.09999999999999998,0.09999999999999998,-0.02941176470588236,15,0,0.0,0.625,0.5
9,2019-10-15,Main,9.19,FunPlus_Phoenix,GAM_Esports,FunPlus_Phoenix,1,27.20541543126228,0.09999999999999998,0.16666666666666669,0.16666666666666669,-7,0,0.0,1.0,0.75
9,2019-10-15,Main,9.19,Clutch_Gaming,SK_Telecom_T1,SK_Telecom_T1,0,-155.97607569949582,0.19999999999999996,0.09999999999999998,0.0,-65,0,0.0,0.8333333333333334,0.7368421052631579
9,2019-10-15,Main,9.19,Royal_Never_Give_Up,Fnatic,Royal_Never_Give_Up,1,-20.028813685417163,0.39999999999999997,-0.09999999999999998,-0.09999999999999998,-43,0,0.25,0.7368421052631579,0.6060606060606061
9,2019-10-17,Main,9.19,FunPlus_Phoenix,Splyce,FunPlus_Phoenix,1,44.67729677558964,0.2666666666666666,0.16666666666666663,0.2222222222222222,-15,0,0.5,1.0,0.3333333333333333
9,2019-10-17,Main,9.19,FunPlus_Phoenix,J_Team,FunPlus_Phoenix,1,16.873932292338623,0.08333333333333337,0.08333333333333337,0.08333333333333337,1,-2,-0.5,1.0,1.0
9,2019-10-17,Main,9.19,Splyce,GAM_Esports,Splyce,1,-1.9262845814830598,-0.2,0.10000000000000003,0.12105263157894736,9,-2,0.5,0.5555555555555556,0.6
9,2019-10-17,Main,9.19,Splyce,FunPlus_Phoenix,Splyce,1,-71.71972720185204,-0.4,-0.30000000000000004,-0.35000000000000003,15,0,-0.5,0.6,0.0
9,2019-10-17,Main,9.19,GAM_Esports,J_Team,J_Team,0,-54.64985167307577,-0.09999999999999998,-0.3,-0.2272727272727273,7,0,0.5,0.0,0.5
9,2019-10-17,Main,9.19,J_Team,Splyce,Splyce,0,18.645865898532975,0.19999999999999996,0.09999999999999998,0.09999999999999998,-16,0,0.5,0.5,0.3
9,2019-10-17,Main,9.19,GAM_Esports,FunPlus_Phoenix,FunPlus_Phoenix,0,-96.21800336158594,-0.6000000000000001,-0.4666666666666666,-0.41666666666666663,6,0,-0.5,0.0,0.0
9,2019-10-18,Main,9.19,G2_Esports,Griffin__28-Korean_Team_29-,Griffin__28-Korean_Team_29-,0,45.40705793321831,-0.06666666666666665,-0.16666666666666663,-0.11666666666666659,36,0,0.5,0.6470588235294118,1.0
9,2019-10-18,Main,9.19,G2_Esports,Griffin__28-Korean_Team_29-,Griffin__28-Korean_Team_29-,0,9.248562687599133,-0.15000000000000002,-0.35,-0.25,36,0,0.0,0.6111111111111112,1.0
9,2019-10-18,Main,9.19,Hong_Kong_Attitude,Cloud9,Cloud9,0,-72.57354224417509,0.0,0.09999999999999998,-0.026315789473684237,-54,0,-0.5,0.5,0.3888888888888889
9,2019-10-18,Main,9.19,Cloud9,G2_Esports,G2_Esports,0,45.74844013811003,-0.19999999999999996,0.09999999999999998,0.050000000000000044,33,0,-0.5,0.6756756756756757,0.45454545454545453
9,2019-10-18,Main,9.19,Hong_Kong_Attitude,Griffin__28-Korean_Team_29-,Griffin__28-Korean_Team_29-,0,-75.8394415288094,-0.6000000000000001,-0.30000000000000004,-0.35000000000000003,15,0,-0.5,0.4444444444444444,1.0
9,2019-10-18,Main,9.19,G2_Esports,Hong_Kong_Attitude,G2_Esports,1,82.8929804638858,0.6,0.0,0.04999999999999999,21,0,0.5,0.5789473684210527,0.45454545454545453
9,2019-10-18,Main,9.19,Griffin__28-Korean_Team_29-,Cloud9,Griffin__28-Korean_Team_29-,1,8.511219341335163,0.6,0.43333333333333335,0.33333333333333337,-69,0,0.5,0.5,0.40540540540540543
9,2019-10-19,Main,9.19,Fnatic,Royal_Never_Give_Up,Fnatic,1,-13.81386745497116,-0.39999999999999997,0.0,0.09999999999999998,43,0,-0.3,0.6326530612244898,0.4
9,2019-10-19,Main,9.19,SK_Telecom_T1,Clutch_Gaming,SK_Telecom_T1,1,174.5033277691789,0.19999999999999996,0.0,0.054545454545454564,65,0,0.5,0.7837837837837838,0.25
9,2019-10-19,Main,9.19,Clutch_Gaming,Royal_Never_Give_Up,Royal_Never_Give_Up,0,-91.78977010746598,-0.39999999999999997,0.09999999999999998,-0.050000000000000044,-29,0,-0.5,0.7142857142857143,0.38095238095238093
9,2019-10-19,Main,9.19,SK_Telecom_T1,Fnatic,Fnatic,0,80.41120151612836,0.4,0.0,-0.050000000000000044,-7,0,0.5,0.7894736842105263,0.5882352941176471
9,2019-10-19,Main,9.19,Clutch_Gaming,Fnatic,Fnatic,0,-142.75447829340305,-0.6,-0.09999999999999998,-0.2384615384615384,-72,0,-0.5,0.625,0.6
9,2019-10-19,Main,9.19,Royal_Never_Give_Up,SK_Telecom_T1,SK_Telecom_T1,0,-68.36202683526358,-0.20000000000000007,0.0,0.04999999999999993,-36,0,-0.2,0.75,0.7435897435897436
9,2019-10-20,Main,9.19,Invictus_Gaming,Team_Liquid,Invictus_Gaming,1,118.62765206005952,0.20000000000000007,0.34444444444444444,0.19444444444444442,23,0,0.5,0.6666666666666666,0.8
9,2019-10-20,Main,9.19,DWG_KIA,Ahq_eSports_Club,DWG_KIA,1,136.89132946899758,0.39999999999999997,0.5,0.46818181818181825,-21,0,0.5,0.8,0.29411764705882354
9,2019-10-20,Main,9.19,DWG_KIA,Invictus_Gaming,DWG_KIA,1,-62.45499940026275,-0.20000000000000007,-0.09999999999999998,0.08333333333333337,-21,0,0.5,0.8333333333333334,0.5882352941176471
9,2019-10-20,Main,9.19,Team_Liquid,Ahq_eSports_Club,Team_Liquid,1,79.24516434676502,0.2,0.3,0.2,-23,0,0.5,0.25,0.2777777777777778
9,2019-10-20,Main,9.19,Team_Liquid,DWG_KIA,DWG_KIA,0,-84.08527403061476,-0.20000000000000007,-0.20000000000000007,-0.30069930069930073,-2,0,0.5,0.4,0.8333333333333334
9,2019-10-20,Main,9.19,Ahq_eSports_Club,Invictus_Gaming,Invictus_Gaming,0,-212.91952790002142,-0.6,-0.7000000000000001,-0.44999999999999996,0,0,-0.16666666666666669,0.4666666666666667,0.5555555555555556
9,2019-10-26,Main,9.19,FunPlus_Phoenix,Fnatic,FunPlus_Phoenix,1,-110.86913358218635,0.0,0.2142857142857143,0.014285714285714346,-79,2,0.0,1.0,0.6111111111111112
9,2019-10-26,Main,9.19,FunPlus_Phoenix,Fnatic,Fnatic,0,-68.99075729936249,0.20000000000000007,0.35,0.09999999999999998,-79,0,0.5,1.0,0.5945945945945946
9,2019-10-26,Main,9.19,Fnatic,FunPlus_Phoenix,FunPlus_Phoenix,0,94.71869486645983,0.20000000000000007,-0.16666666666666663,-0.016666666666666607,79,0,0.0,0.64,0.3333333333333333
9,2019-10-26,Main,9.19,FunPlus_Phoenix,Fnatic,FunPlus_Phoenix,1,-54.204671931764096,0.0,0.19999999999999996,0.09999999999999998,-79,0,0.16666666666666663,0.8333333333333334,0.6052631578947368
9,2019-10-26,Main,9.19,Griffin__28-Korean_Team_29-,Invictus_Gaming,Invictus_Gaming,0,-62.75363969030445,0.4,0.05714285714285705,0.1071428571428571,-28,2,0.0,0.6666666666666666,0.5789473684210527
9,2019-10-26,Main,9.19,Invictus_Gaming,Griffin__28-Korean_Team_29-,Griffin__28-Korean_Team_29-,0,89.03585888757493,-0.20000000000000007,0.050000000000000044,0.050000000000000044,28,0,0.5,0.6875,1.0
9,2019-10-26,Main,9.19,Griffin__28-Korean_Team_29-,Invictus_Gaming,Invictus_Gaming,0,-49.01027465292623,0.20000000000000007,0.07777777777777783,0.02777777777777779,-28,0,0.0,0.5,0.6
9,2019-10-26,Main,9.19,Invictus_Gaming,Griffin__28-Korean_Team_29-,Invictus_Gaming,1,76.5259661929706,0.0,0.0,0.050000000000000044,28,0,0.16666666666666663,0.6470588235294118,1.0
9,2019-10-27,Main,9.19,G2_Esports,DWG_KIA,G2_Esports,1,-64.35419059744981,-0.4,-0.30000000000000004,-0.30714285714285705,29,2,0.0,0.6,0.8571428571428571
9,2019-10-27,Main,9.19,G2_Esports,DWG_KIA,G2_Esports,1,-26.493818512736198,-0.20000000000000007,-0.09999999999999998,-0.25,29,0,0.5,0.6190476190476191,0.75
9,2019-10-27,Main,9.19,G2_Esports,DWG_KIA,DWG_KIA,0,7.941633560878472,0.20000000000000007,0.09999999999999998,-0.19999999999999996,29,0,0.5,0.6363636363636364,0.6666666666666666
9,2019-10-27,Main,9.19,G2_Esports,DWG_KIA,G2_Esports,1,-24.789690557784525,0.20000000000000007,0.09999999999999998,-0.21470588235294108,29,0,0.16666666666666663,0.6086956521739131,0.7
9,2019-10-27,Main,9.19,SK_Telecom_T1,Splyce,SK_Telecom_T1,1,183.15039819156596,0.20000000000000007,-0.09999999999999998,0.0,57,-2,0.0,0.7692307692307693,0.36363636363636365
9,2019-10-27,Main,9.19,SK_Telecom_T1,Splyce,Splyce,0,199.68803254033696,0.20000000000000007,0.09999999999999998,0.04999999999999993,57,0,0.5,0.775,0.3333333333333333
9,2019-10-27,Main,9.19,SK_Telecom_T1,Splyce,SK_Telecom_T1,1,151.0852179273113,-0.20000000000000007,0.09999999999999998,-0.04999999999999993,57,0,0.0,0.7560975609756098,0.38461538461538464
9,2019-10-27,Main,9.19,Splyce,SK_Telecom_T1,SK_Telecom_T1,0,-169.98526984343175,0.0,-0.19999999999999996,0.04999999999999993,-57,0,-0.16666666666666669,0.6363636363636364,0.75
9,2019-11-02,Main,9.19,Invictus_Gaming,FunPlus_Phoenix,FunPlus_Phoenix,0,83.34940553907018,0.0,-0.10000000000000009,0.022727272727272707,28,0,0.0,0.6666666666666666,0.5
9,2019-11-02,Main,9.19,FunPlus_Phoenix,Invictus_Gaming,FunPlus_Phoenix,1,-43.816598212689314,0.20000000000000007,0.20000000000000007,0.0,-28,0,0.5,0.8571428571428571,0.6190476190476191
9,2019-11-02,Main,9.19,Invictus_Gaming,FunPlus_Phoenix,Invictus_Gaming,1,7.802200600606739,-0.4,-0.30000000000000004,-0.019230769230769273,28,0,-0.5,0.631578947368421,0.6
9,2019-11-02,Main,9.19,FunPlus_Phoenix,Invictus_Gaming,FunPlus_Phoenix,1,-39.08371214170711,0.20000000000000007,0.09999999999999998,-0.0357142857142857,-28,0,0.16666666666666663,0.875,0.5909090909090909
9,2019-11-03,Main,9.19,G2_Esports,SK_Telecom_T1,G2_Esports,1,-93.79916617782101,0.0,-0.10000000000000009,0.0,-36,0,0.0,0.625,0.7560975609756098
9,2019-11-03,Main,9.19,SK_Telecom_T1,G2_Esports,G2_Esports,0,53.363894939543115,-0.20000000000000007,0.0,0.0,36,0,-0.5,0.7619047619047619,0.4782608695652174
9,2019-11-03,Main,9.19,G2_Esports,SK_Telecom_T1,SK_Telecom_T1,0,-16.487187214845562,0.4,0.09999999999999998,0.04999999999999993,-36,0,0.5,0.64,0.7380952380952381
9,2019-11-03,Main,9.19,SK_Telecom_T1,G2_Esports,G2_Esports,0,46.96979997312701,0.0,-0.09999999999999998,0.0,36,0,-0.16666666666666669,0.7441860465116279,0.5
9,2019-11-10,Main,9.19,FunPlus_Phoenix,G2_Esports,FunPlus_Phoenix,1,-18.314325994431783,0.0,-0.10000000000000009,0.1333333333333333,-36,1,0.0,0.8888888888888888,0.52
9,2019-11-10,Main,9.19,G2_Esports,FunPlus_Phoenix,FunPlus_Phoenix,0,-15.370925149882169,-0.20000000000000007,-0.10000000000000009,-0.19999999999999996,36,0,-0.5,0.6153846153846154,0.5
9,2019-11-10,Main,9.19,FunPlus_Phoenix,G2_Esports,FunPlus_Phoenix,1,45.9561335493313,0.4,0.20000000000000007,0.21470588235294108,-36,0,0.5,0.9,0.5
10,2020-09-25,Play in,10.19,Team_Liquid,MAD_Lions,Team_Liquid,1,19.666866168648085,-0.09999999999999998,0.09999999999999998,0.0,12,342,0.0,0.3333333333333333,0.5
10,2020-09-25,Play in,10.19,LGD_Gaming,PSG_Talon,PSG_Talon,0,-26.09764461306304,-0.09999999999999998,-0.16666666666666669,-0.16666666666666669,6,1813,0.0,0.3333333333333333,0.5
10,2020-09-25,Play in,10.19,Legacy_Esports,INTZ,Legacy_Esports,1,61.90592580772045,0.5,0.33333333333333337,0.33333333333333337,-6,-1449,0.0,0.5,0.0
10,2020-09-25,Play in,10.19,PSG_Talon,Movistar_R7,PSG_Talon,1,14.800414332438777,0.5,0.5,0.5,1,1,0.0,0.5,0.5
10,2020-09-25,Play in,10.19,MAD_Lions,INTZ,MAD_Lions,1,59.98957065358877,0.0,-0.14285714285714285,-0.14285714285714285,-6,0,0.0,0.5,0.0
10,2020-09-26,Play in,10.19,Team_Liquid,Legacy_Esports,Team_Liquid,1,21.583221322779764,-0.4,-0.4,-0.46153846153846156,12,0,0.0,0.42857142857142855,0.5
10,2020-09-26,Play in,10.19,Papara_SuperMassive,MAD_Lions,Papara_SuperMassive,1,-6.301493009680371,-0.3,-0.05555555555555558,-0.05555555555555558,7,719,0.0,0.25,0.0
10,2020-09-26,Play in,10.19,Unicorns_of_Love_2e-CIS,PSG_Talon,Unicorns_of_Love_2e-CIS,1,-44.516767039011256,-0.6,-0.5,-0.5454545454545454,9,353,0.0,0.75,1.0
10,2020-09-26,Play in,10.19,LGD_Gaming,Movistar_R7,Movistar_R7,0,-25.57923122786451,0.4,0.2857142857142857,0.2857142857142857,6,0,0.0,0.25,0.0
10,2020-09-26,Play in,10.19,V3_Esports,Unicorns_of_Love_2e-CIS,Unicorns_of_Love_2e-CIS,0,-3.6414022734975333,-0.09999999999999998,0.0,0.0,-12,-1,0.0,0.5,0.2857142857142857
10,2020-09-26,Play in,10.19,INTZ,Papara_SuperMassive,Papara_SuperMassive,0,-96.50725736569802,-0.4,-0.375,-0.375,-2,1,0.0,0.3333333333333333,0.6
10,2020-09-26,Play in,10.19,Movistar_R7,V3_Esports,V3_Esports,0,15.337642242438505,0.5,0.5,0.5,1,0,0.0,0.5,0.5
10,2020-09-27,Play in,10.19,LGD_Gaming,V3_Esports,LGD_Gaming,1,-56.595768224779476,-0.09999999999999998,-0.25,-0.25,6,0,0.0,0.2,1.0
10,2020-09-27,Play in,10.19,Unicorns_of_Love_2e-CIS,PSG_Talon,PSG_Talon,0,7.393400853923367,-0.06666666666666665,-0.06666666666666665,-0.1282051282051282,10,0,0.5,0.8,0.5
10,2020-09-27,Play in,10.19,Unicorns_of_Love_2e-CIS,LGD_Gaming,Unicorns_of_Love_2e-CIS,1,40.27198335571575,0.19999999999999996,0.16666666666666669,0.16666666666666669,5,0,0.0,0.6666666666666666,0.3333333333333333
10,2020-09-27,Play in,10.19,PSG_Talon,V3_Esports,PSG_Talon,1,46.13070992373173,0.4166666666666667,0.4166666666666667,0.4166666666666667,1,0,0.0,1.0,0.5
10,2020-09-27,Play in,10.19,Movistar_R7,Unicorns_of_Love_2e-CIS,Movistar_R7,1,-34.48749361320688,-0.46666666666666673,-0.26666666666666666,-0.2,-12,1,0.0,0.0,0.375
10,2020-09-27,Play in,10.19,V3_Esports,LGD_Gaming,LGD_Gaming,0,19.694396615274172,0.04999999999999999,-0.04999999999999999,-0.04999999999999999,-6,0,-0.5,0.0,0.25
10,2020-09-28,Play in,10.19,Team_Liquid,Legacy_Esports,Team_Liquid,1,51.59788637526549,0.09999999999999998,0.09999999999999998,0.0714285714285714,12,0,0.5,0.5,0.0
10,2020-09-28,Play in,10.19,MAD_Lions,INTZ,MAD_Lions,1,81.89498328166314,0.3333333333333333,0.2222222222222222,0.2222222222222222,-6,0,0.5,1.0,0.0
10,2020-09-28,Play in,10.19,Legacy_Esports,Papara_SuperMassive,Legacy_Esports,1,-35.29402310177102,-0.26666666666666666,-0.16666666666666669,-0.2121212121212121,-8,-2,0.0,1.0,0.6666666666666666
10,2020-09-28,Play in,10.19,INTZ,Team_Liquid,INTZ,1,-175.7234544045591,-0.8,-0.5,-0.5,-5,0,0.0,0.25,0.6666666666666666
10,2020-09-28,Play in,10.19,MAD_Lions,Legacy_Esports,Legacy_Esports,0,-7.97422389220219,0.0,0.0,0.0,0,0,0.0,1.0,0.0
10,2020-09-28,Play in,10.19,Papara_SuperMassive,Team_Liquid,Team_Liquid,0,-37.739617023383744,0.0,-0.19999999999999996,-0.0625,-4,0,0.0,0.4,0.5714285714285714
10,2020-09-29,Play in,10.19,Papara_SuperMassive,MAD_Lions,Papara_SuperMassive,1,9.392691227959858,0.19999999999999996,0.0,0.06153846153846154,8,0,0.5,0.3333333333333333,0.0
10,2020-09-29,Play in,10.19,MAD_Lions,Papara_SuperMassive,MAD_Lions,1,-40.527803088249584,-0.19999999999999996,-0.06666666666666671,-0.16666666666666669,-8,0,-0.5,0.6666666666666666,0.5714285714285714
10,2020-09-29,Play in,10.19,Papara_SuperMassive,MAD_Lions,Papara_SuperMassive,1,4.811893150088963,0.0,-0.028571428571428525,0.038095238095238126,8,0,0.16666666666666663,0.42857142857142855,0.0
10,2020-09-29,Play in,10.19,MAD_Lions,Papara_SuperMassive,MAD_Lions,1,-36.36872974744847,0.0,-0.125,-0.125,-8,0,-0.25,0.75,0.5
10,2020-09-29,Play in,10.19,Papara_SuperMassive,MAD_Lions,Papara_SuperMassive,1,1.031227174412379,0.0,0.05555555555555558,0.02614379084967322,8,0,0.09999999999999998,0.5,0.0
10,2020-09-29,Play in,10.19,LGD_Gaming,Movistar_R7,LGD_Gaming,1,-34.76884759659424,-0.09999999999999998,-0.09999999999999998,-0.13636363636363635,7,0,-0.5,0.3333333333333333,0.5
10,2020-09-29,Play in,10.19,Movistar_R7,LGD_Gaming,LGD_Gaming,0,-0.42283428406517487,-0.19999999999999996,-0.09999999999999998,-0.016666666666666663,-7,0,0.0,0.5,0.4
10,2020-09-29,Play in,10.19,Movistar_R7,LGD_Gaming,LGD_Gaming,0,-32.38388982652077,-0.4,-0.26666666666666666,-0.12820512820512825,-7,0,-0.16666666666666669,0.3333333333333333,0.5
10,2020-09-30,Play in,10.19,Unicorns_of_Love_2e-CIS,Papara_SuperMassive,Unicorns_of_Love_2e-CIS,1,-0.003685136070998851,0.0,-0.09999999999999998,0.0,-2,2,0.0,0.7142857142857143,0.4444444444444444
10,2020-09-30,Play in,10.19,Papara_SuperMassive,Unicorns_of_Love_2e-CIS,Unicorns_of_Love_2e-CIS,0,-31.99665427750415,-0.19999999999999996,-0.09999999999999998,-0.055727554179566596,2,0,-0.5,0.5555555555555556,0.3333333333333333
10,2020-09-30,Play in,10.19,Unicorns_of_Love_2e-CIS,Papara_SuperMassive,Unicorns_of_Love_2e-CIS,1,61.05795677289734,0.19999999999999996,0.19999999999999996,0.10555555555555557,-2,0,0.5,0.75,0.4
10,2020-09-30,Play in,10.19,Legacy_Esports,LGD_Gaming,LGD_Gaming,0,4.080093179141386,-0.20000000000000007,0.0,0.09999999999999998,-9,1,0.0,1.0,0.5714285714285714
10,2020-09-30,Play in,10.19,Legacy_Esports,LGD_Gaming,LGD_Gaming,0,-28.29568001618327,-0.6,-0.09999999999999998,-0.033333333333333326,-9,0,-0.5,0.6666666666666666,0.625
10,2020-09-30,Play in,10.19,Legacy_Esports,LGD_Gaming,LGD_Gaming,0,-57.69529823709445,-0.6,-0.2714285714285714,-0.13392857142857145,-9,0,-0.5,0.5,0.6666666666666666
10,2020-10-03,Main,10.19,TSM,Fnatic,Fnatic,0,-159.15912189556047,-0.2,-0.09999999999999998,-0.20000000000000007,-42,742,0.0,0.52,0.5897435897435898
10,2020-10-03,Main,10.19,Gen_2e-G,LGD_Gaming,Gen_2e-G,1,-98.78116116682077,-0.8,-0.6333333333333334,-0.42156862745098045,-11,717,0.0,0.0,0.7
10,2020-10-03,Main,10.19,DWG_KIA,JD_Gaming,DWG_KIA,1,91.23342043825414,-0.09999999999999998,0.09999999999999998,0.2222222222222222,18,343,0.0,0.8571428571428571,0.5
10,2020-10-03,Main,10.19,Rogue__28-European_Team_29-,PSG_Talon,Rogue__28-European_Team_29-,1,-42.30874077156204,-0.30000000000000004,-0.30000000000000004,-0.30000000000000004,-5,-7,0.0,0.5,0.6666666666666666
10,2020-10-03,Main,10.19,Unicorns_of_Love_2e-CIS,DRX,DRX,0,43.45153634486769,0.30000000000000004,0.19999999999999996,0.07894736842105265,19,4,0.0,0.7777777777777778,0.5
10,2020-10-03,Main,10.19,FlyQuest,Top_Esports,Top_Esports,0,0.0,0.0,0.0,0.0,0,0,0.0,0.5,0.5
10,2020-10-04,Main,10.19,LGD_Gaming,Fnatic,LGD_Gaming,1,-72.91652478259743,0.4,0.20000000000000007,0.005555555555555536,-73,0,0.0,0.42857142857142855,0.6
10,2020-10-04,Main,10.19,Gen_2e-G,TSM,Gen_2e-G,1,46.609028264659855,0.2,-0.01428571428571429,-0.06428571428571428,-42,0,0.0,0.25,0.2608695652173913
10,2020-10-04,Main,10.19,PSG_Talon,JD_Gaming,JD_Gaming,0,36.2624488609099,0.6,0.6666666666666666,0.6666666666666666,5,0,0.0,1.0,0.0
10,2020-10-04,Main,10.19,Rogue__28-European_Team_29-,DWG_KIA,DWG_KIA,0,-85.187128527602,0.6,0.30000000000000004,0.26315789473684215,-18,0,0.0,1.0,0.6363636363636364
10,2020-10-04,Main,10.19,G2_Esports,Suning,G2_Esports,1,96.25659015726114,-0.3,0.0,0.050000000000000044,54,330,0.0,0.5925925925925926,0.5
10,2020-10-04,Main,10.19,Machi_Esports,Team_Liquid,Machi_Esports,1,-54.21312781225629,-0.30000000000000004,-0.09999999999999998,-0.08823529411764708,-17,-7,0.0,0.5,0.625
10,2020-10-05,Main,10.19,Top_Esports,DRX,Top_Esports,1,-1.9906494879351158,0.0,0.0,0.0,0,0,0.0,0.5,1.0
10,2020-10-05,Main,10.19,FlyQuest,Unicorns_of_Love_2e-CIS,FlyQuest,1,-41.460886856932575,-0.6,-0.7,-0.55,-19,0,0.0,0.0,0.4
10,2020-10-05,Main,10.19,JD_Gaming,Rogue__28-European_Team_29-,JD_Gaming,1,-0.01367310708928926,0.0,0.0,0.0,0,0,0.0,0.5,0.5
10,2020-10-05,Main,10.19,DWG_KIA,PSG_Talon,DWG_KIA,1,108.57368441108656,0.19999999999999996,0.12857142857142856,0.1785714285714286,13,0,0.0,0.875,0.5
10,2020-10-05,Main,10.19,Team_Liquid,Suning,Suning,0,47.41384511588217,0.6,0.6,0.5555555555555556,17,0,0.0,0.5555555555555556,0.0
10,2020-10-05,Main,10.19,Machi_Esports,G2_Esports,G2_Esports,0,-89.45730746088702,0.6,0.5,0.4,-54,0,0.0,1.0,0.48148148148148145
10,2020-10-06,Main,10.19,TSM,LGD_Gaming,LGD_Gaming,0,-137.70542241370276,-0.6000000000000001,-0.5,-0.22894736842105268,31,0,0.0,0.5,0.6363636363636364
10,2020-10-06,Main,10.19,Fnatic,Gen_2e-G,Fnatic,1,97.66123548564565,0.0,0.125,0.125,84,0,0.0,0.6274509803921569,0.3333333333333333
10,2020-10-06,Main,10.19,Top_Esports,Unicorns_of_Love_2e-CIS,Top_Esports,1,24.53111725921144,0.4,0.4,0.44999999999999996,-19,0,0.0,1.0,0.36363636363636365
10,2020-10-06,Main,10.19,DRX,FlyQuest,DRX,1,-0.0013546282089009765,0.0,0.0,0.0,0,0,0.0,0.5,0.5
10,2020-10-06,Main,10.19,Suning,Machi_Esports,Suning,1,-0.01473754967878449,0.0,0.0,0.0,0,0,0.0,0.5,0.5
10,2020-10-06,Main,10.19,G2_Esports,Team_Liquid,Team_Liquid,0,102.3363189543602,0.0,0.09999999999999998,0.12368421052631584,37,0,0.0,0.6071428571428571,0.5555555555555556
10,2020-10-08,Main,10.19,Suning,G2_Esports,Suning,1,-76.82837736800707,0.2666666666666666,0.16666666666666663,0.06666666666666665,-54,0,-0.5,1.0,0.5
10,2020-10-08,Main,10.19,Suning,G2_Esports,Suning,1,-37.86534773668632,0.35,0.35,0.19999999999999996,-54,0,0.0,1.0,0.4827586206896552
10,2020-10-08,Main,10.19,Team_Liquid,Machi_Esports,Team_Liquid,1,47.64075933514687,0.06666666666666671,0.26666666666666666,0.21666666666666673,17,0,-0.5,0.5,0.0
10,2020-10-08,Main,10.19,Suning,Team_Liquid,Team_Liquid,0,7.744558033122985,0.20000000000000007,0.20000000000000007,0.20000000000000007,-16,0,0.5,1.0,0.6
10,2020-10-08,Main,10.19,G2_Esports,Machi_Esports,G2_Esports,1,85.4162996573541,0.15000000000000002,0.04999999999999999,0.25,55,0,0.5,0.5862068965517241,0.0
10,2020-10-08,Main,10.19,Machi_Esports,Suning,Suning,0,-78.811959163447,-0.6000000000000001,-0.4666666666666666,-0.4666666666666666,-1,0,-0.5,0.5,0.5
10,2020-10-08,Main,10.19,Team_Liquid,G2_Esports,G2_Esports,0,-5.9233436713780065,0.19999999999999996,0.29999999999999993,0.09999999999999998,-38,0,0.5,0.5454545454545454,0.4666666666666667
10,2020-10-09,Main,10.19,JD_Gaming,DWG_KIA,JD_Gaming,1,-104.66432534379715,-0.13333333333333341,-0.033333333333333326,-0.08333333333333337,-18,0,-0.5,1.0,0.6666666666666666
10,2020-10-09,Main,10.19,PSG_Talon,Rogue__28-European_Team_29-,PSG_Talon,1,5.764943853010436,0.06666666666666671,0.16666666666666669,0.16666666666666669,5,0,-0.5,0.6666666666666666,0.0
10,2020-10-09,Main,10.19,JD_Gaming,PSG_Talon,PSG_Talon,0,31.16737420555114,0.35,0.19444444444444442,0.19444444444444442,-5,0,0.5,1.0,0.4
10,2020-10-09,Main,10.19,DWG_KIA,Rogue__28-European_Team_29-,DWG_KIA,1,131.70717975046068,0.35,0.35,0.44999999999999996,18,0,0.5,0.8888888888888888,0.0
10,2020-10-09,Main,10.19,Rogue__28-European_Team_29-,JD_Gaming,JD_Gaming,0,-61.17933931543985,-0.39999999999999997,-0.39999999999999997,-0.39999999999999997,0,0,-0.5,0.5,0.5
10,2020-10-09,Main,10.19,PSG_Talon,DWG_KIA,DWG_KIA,0,-87.25110160848908,-0.4,0.0,-0.09999999999999998,-13,0,-0.5,0.75,0.6153846153846154
10,2020-10-10,Main,10.19,Gen_2e-G,Fnatic,Gen_2e-G,1,-120.895952001365,0.0,-0.26666666666666666,-0.16666666666666669,-84,0,-0.5,0.4,0.5853658536585366
10,2020-10-10,Main,10.19,LGD_Gaming,TSM,LGD_Gaming,1,157.64718567315322,0.6000000000000001,0.6000000000000001,0.25,-31,0,0.16666666666666663,0.5,0.25
10,2020-10-10,Main,10.19,Fnatic,LGD_Gaming,Fnatic,1,5.3904628216116635,-0.4,-0.4,-0.15000000000000002,73,0,-0.5,0.6346153846153846,0.6666666666666666
10,2020-10-10,Main,10.19,TSM,Gen_2e-G,Gen_2e-G,0,-103.2488429967068,-0.6,-0.2,-0.10000000000000003,42,0,-0.5,0.48148148148148145,0.25
10,2020-10-10,Main,10.19,LGD_Gaming,Gen_2e-G,Gen_2e-G,0,45.66702969419612,-0.20000000000000007,0.30000000000000004,0.1954545454545455,11,0,-0.5,0.5555555555555556,0.4
10,2020-10-10,Main,10.19,Fnatic,TSM,Fnatic,1,208.57071569066193,0.6,0.4,0.2,42,0,0.5,0.6415094339622641,0.24
10,2020-10-11,Main,10.19,DRX,Top_Esports,Top_Esports,0,-29.064805556758074,-0.33333333333333337,-0.33333333333333337,-0.33333333333333337,0,0,-0.5,1.0,1.0
10,2020-10-11,Main,10.19,Unicorns_of_Love_2e-CIS,FlyQuest,FlyQuest,0,6.788110754360332,0.06666666666666671,0.16666666666666669,0.16666666666666669,19,0,-0.5,0.7,0.0
10,2020-10-11,Main,10.19,Top_Esports,FlyQuest,FlyQuest,0,59.41564126108733,0.5,0.5,0.5,0,0,0.5,1.0,0.5
10,2020-10-11,Main,10.19,DRX,Unicorns_of_Love_2e-CIS,DRX,1,26.85859381663022,0.3,0.09999999999999998,0.0,-19,0,0.5,0.5,0.3333333333333333
10,2020-10-11,Main,10.19,Unicorns_of_Love_2e-CIS,Top_Esports,Top_Esports,0,-81.30840677191168,-0.8,-0.4,-0.35000000000000003,19,0,-0.5,0.6363636363636364,1.0
10,2020-10-11,Main,10.19,FlyQuest,DRX,DRX,0,2.922676294176881,0.0,0.0,0.0,0,0,-0.5,0.5,0.5
10,2020-10-15,Main,10.19,DRX,DWG_KIA,DWG_KIA,0,-93.8962395365586,-0.20000000000000007,0.06666666666666665,-0.033333333333333326,-18,-2,0.0,0.6666666666666666,0.6428571428571429
10,2020-10-15,Main,10.19,DRX,DWG_KIA,DWG_KIA,0,-117.45264938514106,-0.20000000000000007,-0.12857142857142856,-0.12857142857142856,-18,0,-0.5,0.5,0.6666666666666666
10,2020-10-15,Main,10.19,DWG_KIA,DRX,DWG_KIA,1,139.02894765806445,0.4,0.30000000000000004,0.19999999999999996,18,0,0.5,0.9,0.6666666666666666
10,2020-10-16,Main,10.19,JD_Gaming,Suning,Suning,0,-17.55567868046205,0.0,-0.04761904761904767,-0.04761904761904767,-1,-1,0.0,0.6666666666666666,0.6666666666666666
10,2020-10-16,Main,10.19,JD_Gaming,Suning,Suning,0,-47.940115642994215,-0.20000000000000007,-0.1785714285714286,-0.1785714285714286,-1,0,-0.5,0.5,0.75
10,2020-10-16,Main,10.19,Suning,JD_Gaming,Suning,1,75.55247829433142,0.4,0.2777777777777778,0.2777777777777778,1,0,0.5,0.75,0.6666666666666666
10,2020-10-16,Main,10.19,Suning,JD_Gaming,JD_Gaming,0,100.7014883174204,0.6000000000000001,0.3555555555555556,0.3555555555555556,1,0,0.5,0.8,0.5
10,2020-10-17,Main,10.19,Fnatic,Top_Esports,Top_Esports,0,49.31306653316528,-0.20000000000000007,-0.33333333333333337,-0.33333333333333337,90,1,0.0,0.6481481481481481,1.0
10,2020-10-17,Main,10.19,Fnatic,Top_Esports,Top_Esports,0,12.80142091582843,-0.20000000000000007,-0.3571428571428571,-0.4071428571428571,90,0,-0.5,0.6363636363636364,1.0
10,2020-10-17,Main,10.19,Top_Esports,Fnatic,Top_Esports,1,20.377100256115,0.4,0.475,0.425,-90,0,0.5,0.6666666666666666,0.5714285714285714
10,2020-10-17,Main,10.19,Top_Esports,Fnatic,Fnatic,0,50.50244896172694,0.4,0.4888888888888888,0.43888888888888883,-90,0,0.5,0.75,0.5581395348837209
10,2020-10-17,Main,10.19,Top_Esports,Fnatic,Fnatic,0,13.883486935173323,0.4,0.30000000000000004,0.30000000000000004,-90,0,0.25,0.6,0.5681818181818182
10,2020-10-18,Main,10.19,G2_Esports,Gen_2e-G,G2_Esports,1,57.293928099691584,-0.4,-0.19999999999999996,0.09999999999999998,49,2,0.0,0.6,0.5
10,2020-10-18,Main,10.19,Gen_2e-G,G2_Esports,G2_Esports,0,-84.06428110727938,0.0,0.0,-0.1384615384615384,-49,0,-0.5,0.5,0.4838709677419355
10,2020-10-18,Main,10.19,Gen_2e-G,G2_Esports,G2_Esports,0,-108.4693100514096,-0.20000000000000007,-0.09999999999999998,-0.17142857142857143,-49,0,-0.5,0.42857142857142855,0.5
10,2020-10-24,Main,10.19,DWG_KIA,G2_Esports,DWG_KIA,1,33.79264516851504,0.0,0.10000000000000009,0.09999999999999998,-37,3,-0.25,0.9090909090909091,0.5151515151515151
10,2020-10-24,Main,10.19,G2_Esports,DWG_KIA,DWG_KIA,0,-62.69000512586649,-0.19999999999999996,-0.30000000000000004,-0.19999999999999996,37,0,0.09999999999999998,0.6129032258064516,0.6875
10,2020-10-24,Main,10.19,DWG_KIA,G2_Esports,G2_Esports,0,88.9778983471931,0.4,0.4,0.25,-37,0,0.0,0.9166666666666666,0.5
10,2020-10-24,Main,10.19,G2_Esports,DWG_KIA,DWG_KIA,0,-48.95731689972877,-0.20000000000000007,-0.20000000000000007,-0.19999999999999996,37,0,0.0714285714285714,0.59375,0.7058823529411765
10,2020-10-25,Main,10.19,Suning,Top_Esports,Suning,1,6.647506141681788,0.20000000000000007,0.10000000000000009,0.0,0,1,0.0,0.6666666666666666,1.0
10,2020-10-25,Main,10.19,Top_Esports,Suning,Suning,0,-38.03532289942041,-0.4,-0.20000000000000007,-0.08333333333333337,0,0,-0.5,0.5,0.8
10,2020-10-25,Main,10.19,Suning,Top_Esports,Top_Esports,0,66.5460682481148,0.6000000000000001,0.30000000000000004,0.15384615384615385,0,0,0.5,0.7142857142857143,0.8333333333333334
10,2020-10-25,Main,10.19,Top_Esports,Suning,Suning,0,-28.49081535195228,-0.39999999999999997,-0.19999999999999996,-0.0714285714285714,0,0,-0.16666666666666669,0.42857142857142855,0.8333333333333334
10,2020-10-31,Main,10.19,DWG_KIA,Suning,DWG_KIA,1,79.39795000205322,0.20000000000000007,0.10000000000000009,0.01666666666666672,16,1,0.0,0.8461538461538461,0.8571428571428571
10,2020-10-31,Main,10.19,Suning,DWG_KIA,DWG_KIA,0,-104.2098258800902,-0.20000000000000007,-0.20000000000000007,-0.0625,-16,0,-0.5,0.625,0.7222222222222222
10,2020-10-31,Main,10.19,DWG_KIA,Suning,Suning,0,126.8895796822635,0.4,0.30000000000000004,0.1029411764705882,16,0,0.5,0.8571428571428571,0.75
10,2020-10-31,Main,10.19,DWG_KIA,Suning,DWG_KIA,1,83.69593148733065,0.19999999999999996,0.20000000000000007,0.033333333333333326,16,0,0.16666666666666663,0.8,0.7777777777777778
11,2021-10-05,Play in,11.19,Unicorns_of_Love_2e-CIS,Galatasaray_Esports,Galatasaray_Esports,0,-50.71225902165179,-0.5,-0.2,-0.04999999999999999,25,360,0.0,0.5833333333333334,0.5
11,2021-10-05,Play in,11.19,DetonatioN_FocusMe,Cloud9,Cloud9,0,-125.59858705227134,0.0,-0.09999999999999998,-0.25,-64,14,-0.5,0.2857142857142857,0.39473684210526316
11,2021-10-05,Play in,11.19,Galatasaray_Esports,Beyond_Gaming,Galatasaray_Esports,1,13.68105901003355,0.5,0.5,0.5,1,1,0.0,0.5,0.5
11,2021-10-05,Play in,11.19,Unicorns_of_Love_2e-CIS,DetonatioN_FocusMe,DetonatioN_FocusMe,0,26.162078117258943,-0.2,0.19999999999999998,0.16923076923076924,13,0,0.0,0.5384615384615384,0.2
11,2021-10-05,Play in,11.19,Hanwha_Life_Esports,INFINITY,Hanwha_Life_Esports,1,19.098310683502177,0.09999999999999998,0.125,0.125,-8,-1095,0.0,0.5,0.25
11,2021-10-05,Play in,11.19,LNG_Esports,PEACE__28-Oceanic_Team_29-,LNG_Esports,1,0.0,0.0,0.0,0.0,0,0,0.0,0.5,0.5
11,2021-10-05,Play in,11.19,INFINITY,RED_Canids,RED_Canids,0,-34.21968575553137,-0.3,-0.16666666666666669,-0.16666666666666669,9,1,0.0,0.5,0.5
11,2021-10-05,Play in,11.19,Hanwha_Life_Esports,LNG_Esports,LNG_Esports,0,-0.8786249279708045,0.0,0.0,0.0,0,0,0.0,1.0,0.5
11,2021-10-06,Play in,11.19,Cloud9,Galatasaray_Esports,Cloud9,1,26.902685139668847,-0.6,-0.7,-0.5,75,0,0.0,0.6578947368421053,1.0
11,2021-10-06,Play in,11.19,Beyond_Gaming,Unicorns_of_Love_2e-CIS,Beyond_Gaming,1,66.22556486590179,0.0,-0.2,-0.4,-26,0,0.0,0.5,0.3076923076923077
11,2021-10-06,Play in,11.19,Galatasaray_Esports,DetonatioN_FocusMe,DetonatioN_FocusMe,0,87.64065261514475,0.2666666666666666,0.4666666666666666,0.38095238095238093,-11,-1,0.0,1.0,0.3333333333333333
11,2021-10-06,Play in,11.19,Beyond_Gaming,Cloud9,Cloud9,0,-73.10127136895085,-0.09999999999999998,0.09999999999999998,-0.050000000000000044,-76,0,0.0,1.0,0.41025641025641024
11,2021-10-06,Play in,11.19,RED_Canids,Hanwha_Life_Esports,Hanwha_Life_Esports,0,15.267364079796153,0.5,0.5,0.5,-1,0,0.0,0.5,0.5
11,2021-10-06,Play in,11.19,INFINITY,PEACE__28-Oceanic_Team_29-,PEACE__28-Oceanic_Team_29-,0,-32.64888699433118,0.2,0.3,0.3,9,0,0.0,0.4,0.0
11,2021-10-06,Play in,11.19,RED_Canids,LNG_Esports,LNG_Esports,0,-34.23297257077866,-0.5,-0.5,-0.5,0,-1,0.0,0.0,1.0
11,2021-10-06,Play in,11.19,PEACE__28-Oceanic_Team_29-,Hanwha_Life_Esports,Hanwha_Life_Esports,0,-17.36359975247956,-0.16666666666666663,-0.16666666666666663,-0.16666666666666663,-1,0,0.0,0.5,1.0
11,2021-10-07,Play in,11.19,DetonatioN_FocusMe,Cloud9,DetonatioN_FocusMe,1,-136.80030193847028,0.0,-0.2,-0.21666666666666673,-64,0,-0.5,0.25,0.425
11,2021-10-07,Play in,11.19,Unicorns_of_Love_2e-CIS,Beyond_Gaming,Beyond_Gaming,0,-79.5164050545784,-0.3333333333333333,-0.2333333333333333,0.016666666666666663,25,0,-0.5,0.5,0.0
11,2021-10-07,Play in,11.19,Cloud9,Unicorns_of_Love_2e-CIS,Unicorns_of_Love_2e-CIS,0,168.3898640417276,0.6,0.5,0.20000000000000007,51,0,0.0,0.6666666666666666,0.2857142857142857
11,2021-10-07,Play in,11.19,DetonatioN_FocusMe,Beyond_Gaming,DetonatioN_FocusMe,1,-28.741720852650815,0.30000000000000004,-0.09999999999999998,-0.125,12,0,0.0,0.3333333333333333,0.5
11,2021-10-07,Play in,11.19,PEACE__28-Oceanic_Team_29-,RED_Canids,PEACE__28-Oceanic_Team_29-,1,0.0018614769826399424,0.0,0.0,0.0,0,0,0.0,0.0,1.0
11,2021-10-07,Play in,11.19,LNG_Esports,INFINITY,LNG_Esports,1,109.53789346855137,0.8,0.7,0.7272727272727273,-8,0,0.0,1.0,0.2
11,2021-10-08,Play in,11.19,RED_Canids,PEACE__28-Oceanic_Team_29-,PEACE__28-Oceanic_Team_29-,0,-32.00169002861662,-0.25,-0.25,-0.25,0,0,-0.5,0.0,0.5
11,2021-10-08,Play in,11.19,PEACE__28-Oceanic_Team_29-,RED_Canids,RED_Canids,0,61.06253262636233,0.39999999999999997,0.39999999999999997,0.39999999999999997,0,0,0.5,0.5,0.5
11,2021-10-08,Play in,11.19,RED_Canids,PEACE__28-Oceanic_Team_29-,PEACE__28-Oceanic_Team_29-,0,-23.495665790225075,-0.39999999999999997,-0.16666666666666669,-0.16666666666666669,0,0,-0.16666666666666669,0.0,0.6666666666666666
11,2021-10-08,Play in,11.19,PEACE__28-Oceanic_Team_29-,RED_Canids,PEACE__28-Oceanic_Team_29-,1,53.33492787431783,0.39999999999999997,0.2857142857142857,0.2857142857142857,0,0,0.25,0.3333333333333333,0.6666666666666666
11,2021-10-08,Play in,11.19,PEACE__28-Oceanic_Team_29-,RED_Canids,RED_Canids,0,80.4608261848523,0.6000000000000001,0.375,0.375,0,0,0.30000000000000004,0.5,0.5
11,2021-10-08,Play in,11.19,Galatasaray_Esports,Beyond_Gaming,Beyond_Gaming,0,14.321163090644859,0.09999999999999998,0.09999999999999998,0.09999999999999998,-1,1,0.5,0.5,0.3333333333333333
11,2021-10-08,Play in,11.19,Beyond_Gaming,Galatasaray_Esports,Beyond_Gaming,1,18.997118248011247,0.19999999999999996,0.09999999999999998,0.09999999999999998,1,0,0.0,0.5,0.5
11,2021-10-08,Play in,11.19,Galatasaray_Esports,Beyond_Gaming,Beyond_Gaming,0,-49.24916060269925,-0.39999999999999997,-0.23809523809523808,-0.23809523809523808,-1,0,-0.16666666666666669,0.3333333333333333,0.5
11,2021-10-08,Play in,11.19,Galatasaray_Esports,Beyond_Gaming,Galatasaray_Esports,1,-76.74328408835663,-0.8,-0.3392857142857143,-0.3392857142857143,-1,0,-0.25,0.25,0.6
11,2021-10-08,Play in,11.19,Galatasaray_Esports,Beyond_Gaming,Galatasaray_Esports,1,-37.787721155562394,-0.39999999999999997,-0.18055555555555558,-0.18055555555555558,-1,0,-0.09999999999999998,0.4,0.5
11,2021-10-09,Play in,11.19,Cloud9,PEACE__28-Oceanic_Team_29-,Cloud9,1,34.31828786186452,0.0,-0.15555555555555556,-0.005555555555555536,72,1,0.0,0.65,0.75
11,2021-10-09,Play in,11.19,PEACE__28-Oceanic_Team_29-,Cloud9,Cloud9,0,-63.16769653190886,-0.19999999999999996,0.0,-0.050000000000000044,-72,0,-0.5,0.4,0.4146341463414634
11,2021-10-09,Play in,11.19,PEACE__28-Oceanic_Team_29-,Cloud9,Cloud9,0,-89.41300512295993,-0.19999999999999996,-0.09999999999999998,-0.09545454545454551,-72,0,-0.5,0.3333333333333333,0.42857142857142855
11,2021-10-09,Play in,11.19,Hanwha_Life_Esports,Beyond_Gaming,Hanwha_Life_Esports,1,42.730324189208204,0.15000000000000002,0.25,0.25,-6,2,0.0,0.5,0.42857142857142855
11,2021-10-09,Play in,11.19,Hanwha_Life_Esports,Beyond_Gaming,Hanwha_Life_Esports,1,70.81443988252067,0.4,0.30000000000000004,0.3454545454545455,-6,0,0.5,0.6666666666666666,0.375
11,2021-10-09,Play in,11.19,Beyond_Gaming,Hanwha_Life_Esports,Hanwha_Life_Esports,0,-96.38103031688343,-0.6000000000000001,-0.43333333333333335,-0.4166666666666667,6,0,-0.5,0.6666666666666666,1.0
11,2021-10-11,Main,11.19,Rogue__28-European_Team_29-,Cloud9,Rogue__28-European_Team_29-,1,-127.0962653539998,-0.6,-0.43333333333333335,-0.3833333333333334,-78,365,0.0,0.3333333333333333,0.4418604651162791
11,2021-10-11,Main,11.19,Team_Liquid,MAD_Lions,Team_Liquid,1,85.82526732440556,0.19999999999999996,0.19999999999999996,0.19999999999999996,13,-9,0.5,0.5,0.0
11,2021-10-11,Main,11.19,EDward_Gaming,100_Thieves,EDward_Gaming,1,77.42241650835922,0.0,0.16666666666666669,0.3166666666666667,49,-4,0.0,0.6,0.3333333333333333
11,2021-10-11,Main,11.19,T1,DetonatioN_FocusMe,T1,1,14.086424732243813,-0.30000000000000004,0.0,0.08823529411764708,-17,-5,0.0,0.5,0.42857142857142855
11,2021-10-11,Main,11.19,LNG_Esports,Gen_2e-G,Gen_2e-G,0,61.57261604508926,0.6,0.5,0.6,-11,-354,0.0,1.0,0.42857142857142855
11,2021-10-11,Main,11.19,Hanwha_Life_Esports,Fnatic,Hanwha_Life_Esports,1,-20.03214517455558,0.6,0.3571428571428571,0.30714285714285705,-94,-357,0.0,0.75,0.5777777777777777
11,2021-10-11,Main,11.19,Royal_Never_Give_Up,PSG_Talon,Royal_Never_Give_Up,1,81.5661067007427,0.0,0.0,0.00454545454545463,32,356,0.0,0.7142857142857143,0.5
11,2021-10-11,Main,11.19,DWG_KIA,FunPlus_Phoenix,DWG_KIA,1,26.22139814804018,0.0,0.0,-0.02777777777777779,17,-356,0.0,0.8125,0.5714285714285714
11,2021-10-12,Main,11.19,Team_Liquid,LNG_Esports,LNG_Esports,0,26.024460697256018,0.0,-0.20000000000000007,-0.20000000000000007,19,0,0.0,0.5384615384615384,1.0
11,2021-10-12,Main,11.19,MAD_Lions,Gen_2e-G,MAD_Lions,1,-60.09276228618933,0.0,-0.19999999999999996,-0.07386363636363635,-5,0,0.0,0.8,0.5
11,2021-10-12,Main,11.19,DetonatioN_FocusMe,100_Thieves,100_Thieves,0,4.41940730230408,0.6000000000000001,0.2142857142857143,0.1031746031746032,11,0,0.0,0.4,0.25
11,2021-10-12,Main,11.19,Cloud9,FunPlus_Phoenix,FunPlus_Phoenix,0,-99.08955998926558,-0.20000000000000007,-0.20000000000000007,-0.23684210526315785,66,0,0.0,0.6585365853658537,0.5
11,2021-10-12,Main,11.19,Fnatic,Royal_Never_Give_Up,Royal_Never_Give_Up,0,-37.85496215658395,-0.19999999999999996,-0.09999999999999998,-0.09999999999999998,58,0,-0.16666666666666669,0.625,0.4090909090909091
11,2021-10-12,Main,11.19,PSG_Talon,Hanwha_Life_Esports,PSG_Talon,1,-82.14451170447478,-0.6,-0.475,-0.375,4,0,0.0,0.6,1.0
11,2021-10-12,Main,11.19,Rogue__28-European_Team_29-,DWG_KIA,DWG_KIA,0,-238.78636655810715,-0.6000000000000001,-0.5142857142857143,-0.5142857142857143,-29,0,-0.5,0.5,0.7368421052631579
11,2021-10-12,Main,11.19,T1,EDward_Gaming,EDward_Gaming,0,-53.1981490045855,0.6,0.5,0.30000000000000004,-55,0,0.0,1.0,0.43333333333333335
11,2021-10-13,Main,11.19,100_Thieves,T1,T1,0,-19.436522262423523,-0.09999999999999998,-0.125,-0.125,6,0,0.0,0.3333333333333333,0.5
11,2021-10-13,Main,11.19,EDward_Gaming,DetonatioN_FocusMe,EDward_Gaming,1,127.76048904540107,0.0,0.0,0.33157894736842103,38,0,0.5,0.6153846153846154,0.375
11,2021-10-13,Main,11.19,DWG_KIA,Cloud9,DWG_KIA,1,172.91730514121446,0.20000000000000007,0.20000000000000007,0.35000000000000003,-49,0,0.0,0.8235294117647058,0.4318181818181818
11,2021-10-13,Main,11.19,Gen_2e-G,Team_Liquid,Gen_2e-G,1,-51.528533117292,-0.39999999999999997,0.0,-0.13823529411764712,-8,0,0.0,0.375,0.6363636363636364
11,2021-10-13,Main,11.19,PSG_Talon,Fnatic,PSG_Talon,1,-34.35614123277742,0.19999999999999996,0.09999999999999998,0.038461538461538436,-90,0,0.0,0.6666666666666666,0.5652173913043478
11,2021-10-13,Main,11.19,FunPlus_Phoenix,Rogue__28-European_Team_29-,FunPlus_Phoenix,1,200.992325581175,0.6000000000000001,0.55,0.5,12,0,0.0,0.9090909090909091,0.0
11,2021-10-13,Main,11.19,MAD_Lions,LNG_Esports,LNG_Esports,0,-82.50909437772407,-0.4,-0.43333333333333335,-0.4166666666666667,6,0,0.0,0.8333333333333334,1.0
11,2021-10-13,Main,11.19,Royal_Never_Give_Up,Hanwha_Life_Esports,Royal_Never_Give_Up,1,58.02164904888127,-0.20000000000000007,-0.1777777777777778,-0.1777777777777778,36,0,0.0,0.7272727272727273,0.75
11,2021-10-15,Main,11.19,Cloud9,Rogue__28-European_Team_29-,Cloud9,1,77.80922923683443,0.2,0.2777777777777778,0.1777777777777778,78,0,-0.5,0.6428571428571429,0.0
11,2021-10-15,Main,11.19,FunPlus_Phoenix,Rogue__28-European_Team_29-,Rogue__28-European_Team_29-,0,228.77737079961412,0.6000000000000001,0.6000000000000001,0.6000000000000001,11,2,0.5,0.9166666666666666,0.0
11,2021-10-15,Main,11.19,Cloud9,DWG_KIA,DWG_KIA,0,-177.71212024049487,-0.4,-0.30000000000000004,-0.39999999999999997,50,-2,-0.5,0.6511627906976745,0.75
11,2021-10-15,Main,11.19,Rogue__28-European_Team_29-,FunPlus_Phoenix,Rogue__28-European_Team_29-,1,-178.30226338988632,-0.19999999999999996,-0.49999999999999994,-0.4772727272727273,-11,0,0.0,0.4,0.5555555555555556
11,2021-10-15,Main,11.19,DWG_KIA,Rogue__28-European_Team_29-,DWG_KIA,1,240.1380938416164,0.6,0.5,0.5166666666666666,27,0,0.5,0.8333333333333334,0.16666666666666666
11,2021-10-15,Main,11.19,FunPlus_Phoenix,Cloud9,Cloud9,0,85.68296393702917,0.2,0.19999999999999996,0.24999999999999994,-66,0,0.5,0.8461538461538461,0.4222222222222222
11,2021-10-15,Main,11.19,Cloud9,Rogue__28-European_Team_29-,Cloud9,1,71.78949908643949,0.0,0.2,0.1923076923076923,77,0,0.0,0.6363636363636364,0.14285714285714285
11,2021-10-15,Main,11.19,FunPlus_Phoenix,DWG_KIA,DWG_KIA,0,-135.24161263013457,-0.6,-0.30000000000000004,-0.19999999999999996,-16,0,-0.5,0.7857142857142857,0.7619047619047619
11,2021-10-16,Main,11.19,100_Thieves,EDward_Gaming,100_Thieves,1,-125.24673097459254,-0.6000000000000001,-0.26666666666666666,-0.36666666666666664,-49,0,-0.5,0.25,0.45161290322580644
11,2021-10-16,Main,11.19,DetonatioN_FocusMe,T1,T1,0,-72.89799059337201,-0.2666666666666666,-0.16666666666666663,-0.31666666666666665,17,0,-0.5,0.36363636363636365,1.0
11,2021-10-16,Main,11.19,100_Thieves,DetonatioN_FocusMe,100_Thieves,1,57.47142332836734,0.2,-0.09999999999999998,0.050000000000000044,-11,0,0.5,0.4,0.3333333333333333
11,2021-10-16,Main,11.19,EDward_Gaming,T1,T1,0,41.37686309042397,0.050000000000000044,-0.15000000000000002,-0.09999999999999998,55,0,0.5,0.6296296296296297,1.0
11,2021-10-16,Main,11.19,T1,100_Thieves,T1,1,45.328531809458354,0.20000000000000007,0.30000000000000004,0.3454545454545455,-6,0,0.5,0.5,0.4
11,2021-10-16,Main,11.19,DetonatioN_FocusMe,EDward_Gaming,EDward_Gaming,0,-135.13822655479748,-0.6,-0.09999999999999998,-0.3,-38,0,-0.5,0.3333333333333333,0.4375
11,2021-10-17,Main,11.19,Hanwha_Life_Esports,Royal_Never_Give_Up,Royal_Never_Give_Up,0,-84.72678903139763,-0.20000000000000007,0.0,0.09999999999999998,-36,0,-0.5,0.8,0.43478260869565216
11,2021-10-17,Main,11.19,Fnatic,PSG_Talon,PSG_Talon,0,-0.797902688500244,-0.19999999999999996,-0.09999999999999998,-0.12142857142857139,90,0,-0.5,0.6140350877192983,0.42857142857142855
11,2021-10-17,Main,11.19,Hanwha_Life_Esports,Royal_Never_Give_Up,Hanwha_Life_Esports,1,-109.07426217167654,-0.4,-0.09999999999999998,0.036363636363636376,-36,0,-0.5,0.6666666666666666,0.4583333333333333
11,2021-10-17,Main,11.19,Fnatic,Hanwha_Life_Esports,Hanwha_Life_Esports,0,-37.238733688282764,-0.2,-0.39999999999999997,-0.2666666666666666,93,0,-0.5,0.603448275862069,0.6
11,2021-10-17,Main,11.19,PSG_Talon,Royal_Never_Give_Up,Royal_Never_Give_Up,0,-71.86000402367267,-0.20000000000000007,-0.09999999999999998,0.04999999999999993,-33,0,-0.5,0.7142857142857143,0.44
11,2021-10-17,Main,11.19,Royal_Never_Give_Up,Fnatic,Fnatic,0,131.61316653908534,0.8,0.49999999999999994,0.20000000000000007,-57,0,0.2142857142857143,0.7391304347826086,0.5531914893617021
11,2021-10-17,Main,11.19,Hanwha_Life_Esports,PSG_Talon,Hanwha_Life_Esports,1,31.543069675195966,-0.19999999999999996,0.19999999999999996,0.1298076923076923,-3,0,-0.5,0.7142857142857143,0.5
11,2021-10-18,Main,11.19,Gen_2e-G,MAD_Lions,Gen_2e-G,1,53.23845338665228,0.0,0.09999999999999998,0.05982905982905978,5,0,-0.5,0.4444444444444444,0.0
11,2021-10-18,Main,11.19,MAD_Lions,LNG_Esports,MAD_Lions,1,-120.61672441409291,-0.6000000000000001,-0.5571428571428572,-0.49999999999999994,7,-5,-0.5,0.7142857142857143,1.0
11,2021-10-18,Main,11.19,Gen_2e-G,Team_Liquid,Gen_2e-G,1,-1.2497848754135248,0.19999999999999996,0.09999999999999998,-0.07631578947368428,-7,-5,0.5,0.5,0.5833333333333334
11,2021-10-18,Main,11.19,LNG_Esports,MAD_Lions,MAD_Lions,0,77.93330017406606,0.19999999999999996,0.35,0.35,-7,0,0.0,0.6666666666666666,0.0
11,2021-10-18,Main,11.19,Team_Liquid,Gen_2e-G,Team_Liquid,1,-30.865324069040753,-0.6000000000000001,-0.19999999999999996,0.0,7,0,-0.5,0.5,0.4444444444444444
11,2021-10-18,Main,11.19,MAD_Lions,Team_Liquid,MAD_Lions,1,-42.111267514298106,0.19999999999999996,0.0,-0.11250000000000004,-12,0,-0.5,0.75,0.5384615384615384
11,2021-10-18,Main,11.19,Gen_2e-G,LNG_Esports,LNG_Esports,0,-0.7321439617987835,0.19999999999999996,-0.16666666666666663,-0.16666666666666663,12,0,0.5,0.5454545454545454,0.8
11,2021-10-18,Main,11.19,LNG_Esports,Team_Liquid,Team_Liquid,0,30.658259589411728,0.39999999999999997,0.19999999999999996,0.19999999999999996,-19,0,0.5,0.5,0.5
11,2021-10-18,Main,11.19,Gen_2e-G,MAD_Lions,Gen_2e-G,1,4.245107283185007,0.0,-0.09999999999999998,0.02941176470588236,5,0,0.0,0.5,0.125
11,2021-10-22,Main,11.19,Hanwha_Life_Esports,T1,T1,0,29.550780578198783,-0.20000000000000007,-0.13333333333333341,-0.11904761904761907,8,-1,0.0,0.75,1.0
11,2021-10-22,Main,11.19,Hanwha_Life_Esports,T1,T1,0,-5.1644026762085105,-0.4,-0.2571428571428571,-0.19047619047619047,8,0,-0.5,0.6666666666666666,1.0
11,2021-10-22,Main,11.19,T1,Hanwha_Life_Esports,T1,1,36.688778640550254,0.4,0.375,0.25,-8,0,0.5,0.6666666666666666,0.6666666666666666
11,2021-10-23,Main,11.19,EDward_Gaming,Royal_Never_Give_Up,EDward_Gaming,1,-57.27164654663102,0.0,-0.09999999999999998,0.09999999999999998,11,1,0.0,0.6071428571428571,0.46153846153846156
11,2021-10-23,Main,11.19,EDward_Gaming,Royal_Never_Give_Up,Royal_Never_Give_Up,0,-20.043996971254273,0.19999999999999996,0.0,0.15000000000000002,11,0,0.5,0.6206896551724138,0.4444444444444444
11,2021-10-23,Main,11.19,Royal_Never_Give_Up,EDward_Gaming,EDward_Gaming,0,50.19992203911988,0.0,0.0,-0.04999999999999993,-11,0,0.0,0.7083333333333334,0.45454545454545453
11,2021-10-23,Main,11.19,EDward_Gaming,Royal_Never_Give_Up,EDward_Gaming,1,-13.608246659314773,0.19999999999999996,0.09999999999999998,0.04999999999999993,11,0,0.16666666666666663,0.6,0.4642857142857143
11,2021-10-23,Main,11.19,EDward_Gaming,Royal_Never_Give_Up,Royal_Never_Give_Up,0,19.644478637148495,0.6000000000000001,0.19999999999999996,0.04999999999999993,11,0,0.25,0.6129032258064516,0.4482758620689655
11,2021-10-24,Main,11.19,MAD_Lions,DWG_KIA,DWG_KIA,0,-260.52209161868836,-0.4,-0.4,-0.40555555555555556,-23,-3,0.0,0.7777777777777778,0.7727272727272727
11,2021-10-24,Main,11.19,MAD_Lions,DWG_KIA,DWG_KIA,0,-272.200325443702,-0.4,-0.5,-0.4789473684210527,-23,0,-0.5,0.7,0.782608695652174
11,2021-10-24,Main,11.19,DWG_KIA,MAD_Lions,DWG_KIA,1,283.2503859182,0.6,0.5,0.5,23,0,0.5,0.8421052631578947,0.1111111111111111
11,2021-10-25,Main,11.19,Cloud9,Gen_2e-G,Gen_2e-G,0,46.150618600337566,0.0,0.09999999999999998,0.0,68,3,0.0,0.6444444444444445,0.4
11,2021-10-25,Main,11.19,Cloud9,Gen_2e-G,Gen_2e-G,0,9.924814259371942,0.0,-0.09999999999999998,-0.050000000000000044,68,0,-0.16666666666666669,0.6304347826086957,0.45454545454545453
11,2021-10-25,Main,11.19,Gen_2e-G,Cloud9,Gen_2e-G,1,22.989046355191476,0.19999999999999996,0.29999999999999993,0.09999999999999998,-68,0,0.25,0.5384615384615384,0.43478260869565216
11,2021-10-30,Main,11.19,T1,DWG_KIA,DWG_KIA,0,-158.83447684561656,0.0,-0.11111111111111116,-0.011111111111111183,-35,2,0.0,0.75,0.7916666666666666
11,2021-10-30,Main,11.19,DWG_KIA,T1,DWG_KIA,1,177.14588012044692,0.19999999999999996,0.19999999999999996,0.09999999999999998,35,0,0.5,0.85,1.0
11,2021-10-30,Main,11.19,DWG_KIA,T1,T1,0,194.1109543056125,0.4,0.30000000000000004,0.17272727272727273,35,0,0.5,0.8571428571428571,0.8333333333333334
11,2021-10-30,Main,11.19,T1,DWG_KIA,T1,1,-145.88665177977668,-0.20000000000000007,-0.09999999999999998,-0.09999999999999998,-35,0,-0.16666666666666669,0.6,0.8
11,2021-10-30,Main,11.19,DWG_KIA,T1,DWG_KIA,1,101.18769421327193,0.0,0.0,0.03076923076923077,35,0,0.0,0.8181818181818182,0.8571428571428571
11,2021-10-31,Main,11.19,Gen_2e-G,EDward_Gaming,EDward_Gaming,0,-8.775258015085,0.20000000000000007,0.09999999999999998,0.09999999999999998,-40,-2,0.0,0.5714285714285714,0.47058823529411764
11,2021-10-31,Main,11.19,EDward_Gaming,Gen_2e-G,EDward_Gaming,1,39.967198703769554,-0.20000000000000007,-0.09999999999999998,-0.04999999999999993,40,0,0.5,0.59375,0.5
11,2021-10-31,Main,11.19,EDward_Gaming,Gen_2e-G,Gen_2e-G,0,68.30223559341948,0.20000000000000007,0.0,0.04999999999999993,40,0,0.5,0.6060606060606061,0.46153846153846156
11,2021-10-31,Main,11.19,Gen_2e-G,EDward_Gaming,Gen_2e-G,1,-30.091175761518116,0.0,0.0,0.0,-40,0,-0.16666666666666669,0.5333333333333333,0.4857142857142857
11,2021-10-31,Main,11.19,EDward_Gaming,Gen_2e-G,EDward_Gaming,1,-4.673414836418942,-0.19999999999999996,0.0,-0.04999999999999993,40,0,0.0,0.5882352941176471,0.5
11,2021-11-06,Main,11.19,DWG_KIA,EDward_Gaming,EDward_Gaming,0,156.13774847404557,0.0,0.20000000000000007,0.25,-22,1,0.0,0.8260869565217391,0.4722222222222222
11,2021-11-06,Main,11.19,EDward_Gaming,DWG_KIA,EDward_Gaming,1,-110.65275185165865,0.19999999999999996,-0.09999999999999998,-0.20000000000000007,22,0,0.5,0.6,0.7692307692307693
11,2021-11-06,Main,11.19,EDward_Gaming,DWG_KIA,DWG_KIA,0,-68.79240934175277,0.39999999999999997,0.09999999999999998,-0.09999999999999998,22,0,0.5,0.6111111111111112,0.7407407407407407
11,2021-11-06,Main,11.19,DWG_KIA,EDward_Gaming,DWG_KIA,1,94.53791557730483,-0.19999999999999996,0.0,0.09999999999999998,-22,0,-0.16666666666666669,0.7916666666666666,0.4864864864864865
11,2021-11-06,Main,11.19,DWG_KIA,EDward_Gaming,EDward_Gaming,0,118.0393664963708,0.0,0.09999999999999998,0.15000000000000002,-22,0,0.0,0.8,0.47368421052631576
12,2022-09-29,Play in,12.18,LOUD,Beyond_Gaming,Beyond_Gaming,0,50.162107777515075,0.5,0.09999999999999998,0.11538461538461536,-13,-356,0.0,0.5,0.3333333333333333
12,2022-09-29,Play in,12.18,Fnatic,Evil_Geniuses_2e-NA,Fnatic,1,32.36479843370648,-0.3,-0.2,-0.09999999999999998,107,348,0.0,0.5932203389830508,0.5
12,2022-09-29,Play in,12.18,Isurus,MAD_Lions,MAD_Lions,0,-5.087090556866315,0.2,-0.025000000000000022,-0.025000000000000022,-13,747,0.0,0.5,0.1
12,2022-09-30,Play in,12.18,DetonatioN_FocusMe,Chiefs_Esports_Club,DetonatioN_FocusMe,1,-92.15074948003576,-0.5,-0.09999999999999998,-0.25,23,350,0.0,0.3076923076923077,0.5
12,2022-09-30,Play in,12.18,Saigon_Buffalo,Isurus,Saigon_Buffalo,1,46.91232213888088,0.3,0.16666666666666669,0.16666666666666669,-9,-2,0.0,0.5,0.25
12,2022-09-30,Play in,12.18,Evil_Geniuses_2e-NA,LOUD,Evil_Geniuses_2e-NA,1,3.7802899025762144,0.0,0.0,0.0,0,0,0.0,0.5,0.5
12,2022-09-30,Play in,12.18,Fnatic,DetonatioN_FocusMe,Fnatic,1,118.88247995755955,0.2,0.0,0.10000000000000003,84,1,0.0,0.6,0.3
12,2022-09-30,Play in,12.18,DRX,Royal_Never_Give_Up,DRX,1,-97.20039894216438,0.0,-0.05555555555555558,-0.10555555555555562,-46,373,0.0,0.4,0.4666666666666667
12,2022-09-30,Play in,12.18,Saigon_Buffalo,Istanbul_Wildcats,Saigon_Buffalo,1,13.852641832874497,0.5,0.5,0.5,1,1,0.0,1.0,0.5
12,2022-09-30,Play in,12.18,DetonatioN_FocusMe,LOUD,LOUD,0,-48.61315799663976,0.2,0.3,0.3,23,0,0.0,0.35714285714285715,0.0
12,2022-09-30,Play in,12.18,Chiefs_Esports_Club,Fnatic,Fnatic,0,-77.75491966769368,-0.6,-0.5,-0.45,-108,0,0.0,0.5,0.5625
12,2022-09-30,Play in,12.18,MAD_Lions,Istanbul_Wildcats,MAD_Lions,1,5.068663639863189,0.2,0.4,0.4,21,1,0.0,0.6363636363636364,0.0
12,2022-10-01,Play in,12.18,Evil_Geniuses_2e-NA,Chiefs_Esports_Club,Evil_Geniuses_2e-NA,1,33.93684630797861,0.5,0.5,0.5,0,0,0.0,1.0,0.0
12,2022-10-01,Play in,12.18,Beyond_Gaming,DetonatioN_FocusMe,DetonatioN_FocusMe,0,64.64100991819214,0.0,0.2,0.12857142857142856,-12,1,-0.5,0.5,0.2727272727272727
12,2022-10-01,Play in,12.18,MAD_Lions,Saigon_Buffalo,MAD_Lions,1,-23.742182417042613,-0.6,-0.5,-0.55,21,0,0.0,0.6666666666666666,0.5
12,2022-10-01,Play in,12.18,LOUD,Fnatic,LOUD,1,-90.43014256621336,-0.46666666666666673,-0.16666666666666669,-0.16666666666666669,-107,0,0.0,0.0,0.5714285714285714
12,2022-10-01,Play in,12.18,Istanbul_Wildcats,DRX,DRX,0,-53.14156114947764,-0.4,-0.5,-0.5,-8,0,0.0,0.5,0.5
12,2022-10-01,Play in,12.18,MAD_Lions,Royal_Never_Give_Up,Royal_Never_Give_Up,0,-55.92242612218206,0.19999999999999996,0.19999999999999996,-0.10000000000000003,-32,-1,0.0,0.6923076923076923,0.45161290322580644
12,2022-10-01,Play in,12.18,DRX,Saigon_Buffalo,DRX,1,23.460840478960108,-0.2666666666666666,-0.16666666666666663,-0.12121212121212122,8,0,0.0,0.5,0.0
12,2022-10-01,Play in,12.18,Evil_Geniuses_2e-NA,Beyond_Gaming,Evil_Geniuses_2e-NA,1,66.56510314319075,0.4666666666666666,0.2666666666666666,0.2666666666666666,-12,0,0.0,1.0,0.4
12,2022-10-02,Play in,12.18,Istanbul_Wildcats,Isurus,Isurus,0,16.06431973717531,-0.2,-0.3,-0.3,-7,-1,0.0,0.0,0.2
12,2022-10-02,Play in,12.18,DetonatioN_FocusMe,Evil_Geniuses_2e-NA,DetonatioN_FocusMe,1,-106.29174216687215,-0.35,-0.55,-0.4,23,0,0.0,0.3333333333333333,0.0
12,2022-10-02,Play in,12.18,LOUD,Chiefs_Esports_Club,LOUD,1,46.79550124873958,0.5,0.5,0.5,1,0,0.0,0.5,0.0
12,2022-10-02,Play in,12.18,Beyond_Gaming,Fnatic,Fnatic,0,-113.79542177779695,-0.6000000000000001,-0.10000000000000003,-0.07500000000000001,-95,0,0.0,0.4,0.56
12,2022-10-02,Play in,12.18,Isurus,DRX,DRX,0,-94.5311421935628,-0.19999999999999996,-0.19999999999999996,-0.21969696969696972,-1,-1,0.0,0.4,0.6
12,2022-10-02,Play in,12.18,Royal_Never_Give_Up,Istanbul_Wildcats,Royal_Never_Give_Up,1,153.3735505410266,0.4,0.4,0.55,53,1,0.0,0.68,0.0
12,2022-10-02,Play in,12.18,Chiefs_Esports_Club,Beyond_Gaming,Beyond_Gaming,0,13.796868680711668,-0.2,-0.2,-0.35294117647058826,-13,0,0.0,0.0,0.36363636363636365
12,2022-10-02,Play in,12.18,Royal_Never_Give_Up,Isurus,Royal_Never_Give_Up,1,157.07290264121616,0.39999999999999997,0.2,0.21666666666666673,46,0,0.0,0.6923076923076923,0.3333333333333333
12,2022-10-03,Play in,12.18,LOUD,DetonatioN_FocusMe,DetonatioN_FocusMe,0,70.40487806231681,0.0,0.3,0.19999999999999996,-23,0,0.5,0.6666666666666666,0.3333333333333333
12,2022-10-03,Play in,12.18,DetonatioN_FocusMe,LOUD,DetonatioN_FocusMe,1,-32.00767442206484,0.0,-0.09999999999999998,-0.04999999999999999,23,0,0.0,0.375,0.5
12,2022-10-03,Play in,12.18,LOUD,DetonatioN_FocusMe,LOUD,1,-2.9320295124528,-0.20000000000000007,-0.07142857142857145,-0.07142857142857145,-23,0,-0.16666666666666669,0.5,0.38461538461538464
12,2022-10-03,Play in,12.18,Saigon_Buffalo,MAD_Lions,MAD_Lions,0,-11.915694440642028,-0.09999999999999998,0.0,0.04999999999999999,-21,0,-0.5,1.0,0.18181818181818182
12,2022-10-03,Play in,12.18,Saigon_Buffalo,MAD_Lions,MAD_Lions,0,-42.818648515247105,-0.4,-0.09999999999999998,-0.09999999999999998,-21,0,-0.5,0.6666666666666666,0.25
12,2022-10-03,Play in,12.18,MAD_Lions,Saigon_Buffalo,Saigon_Buffalo,0,70.89475130615051,0.6000000000000001,0.16666666666666669,0.16666666666666669,21,0,0.5,0.6428571428571429,0.0
12,2022-10-03,Play in,12.18,MAD_Lions,Saigon_Buffalo,MAD_Lions,1,32.45424409040538,0.39999999999999997,0.07142857142857145,0.07142857142857145,21,0,0.25,0.6,0.3333333333333333
12,2022-10-03,Play in,12.18,LOUD,Evil_Geniuses_2e-NA,Evil_Geniuses_2e-NA,0,-14.924872691554583,0.0,-0.09999999999999998,-0.09999999999999998,3,-1,-0.5,0.6,0.0
12,2022-10-03,Play in,12.18,Evil_Geniuses_2e-NA,DetonatioN_FocusMe,Evil_Geniuses_2e-NA,1,59.57599334057386,0.0,0.16666666666666663,0.16666666666666663,-25,0,-0.5,1.0,0.35714285714285715
12,2022-10-03,Play in,12.18,Royal_Never_Give_Up,Saigon_Buffalo,Royal_Never_Give_Up,1,138.09519824846848,0.6000000000000001,0.125,0.22499999999999998,51,1,0.0,0.7037037037037037,0.25
12,2022-10-03,Play in,12.18,DRX,MAD_Lions,DRX,1,28.35958289522182,0.20000000000000007,0.0,0.11538461538461542,-16,1,0.0,0.5714285714285714,0.3076923076923077
12,2022-10-04,Play in,12.18,Royal_Never_Give_Up,DetonatioN_FocusMe,Royal_Never_Give_Up,1,170.04169072747868,0.20000000000000007,0.09999999999999998,0.14999999999999997,28,0,0.0,0.7142857142857143,0.3333333333333333
12,2022-10-04,Play in,12.18,Royal_Never_Give_Up,DetonatioN_FocusMe,Royal_Never_Give_Up,1,187.52151668153851,0.6,0.19999999999999996,0.2,28,0,0.5,0.7241379310344828,0.3125
12,2022-10-04,Play in,12.18,Royal_Never_Give_Up,DetonatioN_FocusMe,DetonatioN_FocusMe,0,203.75243523844415,0.8,0.29999999999999993,0.25,28,0,0.5,0.7333333333333333,0.29411764705882354
12,2022-10-04,Play in,12.18,Evil_Geniuses_2e-NA,MAD_Lions,Evil_Geniuses_2e-NA,1,17.374115169065135,0.20000000000000007,0.11428571428571432,0.2142857142857143,-23,0,0.0,1.0,0.2857142857142857
12,2022-10-04,Play in,12.18,MAD_Lions,Evil_Geniuses_2e-NA,Evil_Geniuses_2e-NA,0,-47.77523256375889,-0.4,-0.15000000000000002,-0.25,23,0,-0.5,0.625,0.3333333333333333
12,2022-10-04,Play in,12.18,Evil_Geniuses_2e-NA,MAD_Lions,Evil_Geniuses_2e-NA,1,75.40249697175204,0.6000000000000001,0.2777777777777778,0.3277777777777778,-23,0,0.5,1.0,0.26666666666666666
12,2022-10-04,Play in,12.18,LOUD,DetonatioN_FocusMe,DetonatioN_FocusMe,0,19.725918022432325,0.2,-0.05555555555555558,0.0444444444444444,-26,1,0.0,0.5,0.3333333333333333
12,2022-10-05,Play in,12.18,DetonatioN_FocusMe,Royal_Never_Give_Up,Royal_Never_Give_Up,0,-137.97027188498987,-0.4,-0.09999999999999998,-0.25,-27,0,-0.16666666666666669,0.4117647058823529,0.46875
12,2022-10-07,Main,12.18,CTBC_Flying_Oyster,100_Thieves,CTBC_Flying_Oyster,1,11.776591016939165,-0.09999999999999998,0.09999999999999998,0.08333333333333331,-12,-357,0.0,0.5,0.3333333333333333
12,2022-10-07,Main,12.18,G2_Esports,DWG_KIA,DWG_KIA,0,-104.64986515232181,0.0,0.09999999999999998,-0.25,14,378,0.0,0.5757575757575758,0.75
12,2022-10-07,Main,12.18,Cloud9,Fnatic,Fnatic,0,-37.915159797663364,-0.4,-0.2,-0.04999999999999999,-18,342,-0.25,0.6170212765957447,0.5686274509803921
12,2022-10-08,Main,12.18,Fnatic,T1,Fnatic,1,-50.979812225102705,0.4,-0.09999999999999998,-0.2142857142857143,99,-342,0.0,0.6065573770491803,0.75
12,2022-10-08,Main,12.18,Evil_Geniuses_2e-NA,G2_Esports,G2_Esports,0,-15.889884271703977,0.8,0.20000000000000007,0.35000000000000003,-59,3,0.0,1.0,0.5142857142857142
12,2022-10-08,Main,12.18,Rogue__28-European_Team_29-,DRX,Rogue__28-European_Team_29-,1,-101.67359300085786,-0.6,-0.39999999999999997,-0.3571428571428572,0,353,0.0,0.5,0.6666666666666666
12,2022-10-08,Main,12.18,Gen_2e-G,Royal_Never_Give_Up,Royal_Never_Give_Up,0,-56.43131295512194,-0.4,-0.20000000000000007,-0.09999999999999998,-33,339,-0.5,0.5625,0.48484848484848486
12,2022-10-08,Main,12.18,T1,EDward_Gaming,T1,1,-26.601259137032457,-0.19999999999999996,0.0,0.06666666666666665,-61,-336,0.0,0.6666666666666666,0.48717948717948717
12,2022-10-08,Main,12.18,JD_Gaming,Evil_Geniuses_2e-NA,JD_Gaming,1,-45.730543412926636,-0.4,-0.30000000000000004,-0.2272727272727273,-1,722,0.0,0.4,0.5
12,2022-10-09,Main,12.18,EDward_Gaming,Fnatic,EDward_Gaming,1,23.696422070839617,-0.4,-0.19999999999999996,0.0,-37,0,-0.35714285714285715,0.5945945945945946,0.5769230769230769
12,2022-10-09,Main,12.18,100_Thieves,Gen_2e-G,Gen_2e-G,0,-80.23152354147282,0.0,-0.19999999999999996,-0.11538461538461536,-19,1,0.0,0.5,0.4666666666666667
12,2022-10-09,Main,12.18,GAM_Esports,Rogue__28-European_Team_29-,Rogue__28-European_Team_29-,0,-78.16873110186793,-0.39999999999999997,-0.2,-0.10256410256410253,-2,1087,0.0,0.0,0.125
12,2022-10-09,Main,12.18,DWG_KIA,JD_Gaming,JD_Gaming,0,186.08783158080996,0.19999999999999996,-0.09999999999999998,0.20454545454545459,44,1,0.0,0.7692307692307693,0.6
12,2022-10-09,Main,12.18,Top_Esports,GAM_Esports,Top_Esports,1,139.38357840855247,0.2,0.3,0.3857142857142857,1,714,0.0,0.375,0.5
12,2022-10-09,Main,12.18,EDward_Gaming,Cloud9,EDward_Gaming,1,123.37469396225174,0.2,0.2,0.10000000000000003,-17,-2,0.0,0.6052631578947368,0.425531914893617
12,2022-10-10,Main,12.18,DWG_KIA,Evil_Geniuses_2e-NA,DWG_KIA,1,152.71062240485776,0.0,-0.29999999999999993,0.033333333333333326,44,-1,0.0,0.7407407407407407,0.4
12,2022-10-10,Main,12.18,Rogue__28-European_Team_29-,Top_Esports,Rogue__28-European_Team_29-,1,-46.200077943865836,0.19999999999999996,0.0,-0.25,0,0,0.0,0.5714285714285714,0.8571428571428571
12,2022-10-10,Main,12.18,JD_Gaming,G2_Esports,JD_Gaming,1,-50.22959506035727,0.19999999999999996,0.0,0.08333333333333337,-58,-1,0.0,0.5,0.5277777777777778
12,2022-10-10,Main,12.18,DRX,Top_Esports,DRX,1,20.02290837647979,0.4,0.19999999999999996,0.0117647058823529,-2,2,-0.5,0.625,0.75
12,2022-10-10,Main,12.18,Royal_Never_Give_Up,CTBC_Flying_Oyster,Royal_Never_Give_Up,1,120.81820645586708,-0.19999999999999996,-0.19999999999999996,-0.35,64,-1,0.0,0.7096774193548387,0.5
12,2022-10-10,Main,12.18,Cloud9,T1,T1,0,-126.85403245291013,-0.6,-0.3,-0.2375,80,-1,0.0,0.6041666666666666,0.6666666666666666
12,2022-10-11,Main,12.18,GAM_Esports,DRX,DRX,0,-176.1796655366163,-0.8,-0.39999999999999997,-0.425,-1,1,0.0,0.0,0.5714285714285714
12,2022-10-11,Main,12.18,Gen_2e-G,CTBC_Flying_Oyster,Gen_2e-G,1,60.55873363946307,0.09999999999999998,0.09999999999999998,0.050000000000000044,31,1,0.0,0.5294117647058824,0.0
12,2022-10-11,Main,12.18,100_Thieves,Royal_Never_Give_Up,Royal_Never_Give_Up,0,-186.53010076874784,-0.4,-0.6000000000000001,-0.29285714285714287,-52,1,0.0,0.42857142857142855,0.5
12,2022-10-13,Main,12.18,EDward_Gaming,T1,T1,0,7.207520539773213,0.0,0.0,-0.10588235294117654,62,1,-0.16666666666666669,0.6153846153846154,0.7
12,2022-10-13,Main,12.18,T1,Cloud9,T1,1,163.99512875022629,0.6,0.3,0.3222222222222222,-79,-3,0.5,0.7142857142857143,0.4166666666666667
12,2022-10-13,Main,12.18,Fnatic,EDward_Gaming,EDward_Gaming,0,-47.73114370532812,0.0,0.09999999999999998,-0.09999999999999998,35,4,0.25,0.6129032258064516,0.475
12,2022-10-13,Main,12.18,Cloud9,EDward_Gaming,EDward_Gaming,0,-161.31730476234407,-0.6,-0.39999999999999997,-0.25,17,0,-0.16666666666666669,0.5918367346938775,0.4878048780487805
12,2022-10-13,Main,12.18,T1,Fnatic,T1,1,95.96576256337767,0.20000000000000007,-0.09999999999999998,0.28684210526315784,-97,0,-0.5,0.75,0.5660377358490566
12,2022-10-13,Main,12.18,Fnatic,Cloud9,Cloud9,0,83.32780796358475,0.4,0.39999999999999997,0.15000000000000002,18,0,0.2777777777777778,0.6031746031746031,0.40816326530612246
12,2022-10-14,Main,12.18,Evil_Geniuses_2e-NA,DWG_KIA,DWG_KIA,0,-171.48629674149583,-0.19999999999999996,0.09999999999999998,-0.08461538461538454,-44,0,-0.5,0.8571428571428571,0.7586206896551724
12,2022-10-14,Main,12.18,G2_Esports,JD_Gaming,JD_Gaming,0,13.635242997486102,-0.4,-0.09999999999999998,-0.1653846153846154,58,0,-0.5,0.5588235294117647,0.6666666666666666
12,2022-10-14,Main,12.18,DWG_KIA,G2_Esports,DWG_KIA,1,141.18914047786302,0.39999999999999997,0.19999999999999996,0.24999999999999994,-14,0,0.05555555555555558,0.75,0.5135135135135135
12,2022-10-14,Main,12.18,Evil_Geniuses_2e-NA,JD_Gaming,JD_Gaming,0,-67.29148843734538,-0.8,-0.09999999999999998,-0.07142857142857151,0,0,-0.5,0.75,0.7142857142857143
12,2022-10-14,Main,12.18,G2_Esports,Evil_Geniuses_2e-NA,Evil_Geniuses_2e-NA,0,50.77705850069128,0.2,-0.2,-0.08333333333333331,58,0,0.5,0.5428571428571428,0.3333333333333333
12,2022-10-15,Main,12.18,Top_Esports,Rogue__28-European_Team_29-,Top_Esports,1,-5.1091327239960265,-0.19999999999999996,-0.2,0.14379084967320266,1,0,-0.5,0.4444444444444444,0.2222222222222222
12,2022-10-15,Main,12.18,DRX,GAM_Esports,DRX,1,193.21417692942282,0.8,0.49999999999999994,0.4595588235294118,1,0,0.5,0.6666666666666666,0.42857142857142855
12,2022-10-15,Main,12.18,DRX,Rogue__28-European_Team_29-,DRX,1,77.74273056399238,0.20000000000000007,0.30000000000000004,0.27777777777777773,0,0,-0.5,0.7,0.2
12,2022-10-15,Main,12.18,GAM_Esports,Top_Esports,GAM_Esports,1,-158.66999016027603,-0.4,-0.19999999999999998,-0.4024767801857585,-2,0,-0.5,0.0,0.6666666666666666
12,2022-10-15,Main,12.18,Rogue__28-European_Team_29-,GAM_Esports,Rogue__28-European_Team_29-,1,95.99208557233896,0.39999999999999997,0.3,0.14619883040935672,1,0,0.5,0.625,0.375
12,2022-10-15,Main,12.18,JD_Gaming,DWG_KIA,JD_Gaming,1,-118.46364054358969,0.19999999999999996,0.09999999999999998,-0.033333333333333326,-44,0,0.16666666666666663,0.5714285714285714,0.7666666666666667
12,2022-10-15,Main,12.18,JD_Gaming,DWG_KIA,DWG_KIA,0,-75.95678237470315,0.4,0.09999999999999998,0.03749999999999998,-44,0,0.25,0.625,0.7419354838709677
12,2022-10-16,Main,12.18,CTBC_Flying_Oyster,Royal_Never_Give_Up,Royal_Never_Give_Up,0,-163.50744476675482,-0.46666666666666673,-0.5666666666666667,-0.3166666666666667,-64,0,-0.5,1.0,0.5142857142857142
12,2022-10-16,Main,12.18,Gen_2e-G,100_Thieves,Gen_2e-G,1,126.35968593419966,0.39999999999999997,0.3,0.26666666666666666,19,0,0.5,0.5555555555555556,0.2857142857142857
12,2022-10-16,Main,12.18,Royal_Never_Give_Up,100_Thieves,Royal_Never_Give_Up,1,222.2357571879145,1.0,0.6000000000000001,0.38749999999999996,52,0,0.5,0.71875,0.25
12,2022-10-16,Main,12.18,CTBC_Flying_Oyster,Gen_2e-G,Gen_2e-G,0,-106.44237737474873,-0.35,-0.35,-0.4,-31,0,-0.5,0.5,0.5
12,2022-10-16,Main,12.18,100_Thieves,CTBC_Flying_Oyster,100_Thieves,1,-36.48601877004489,-0.2,0.09999999999999998,0.09411764705882353,12,0,-0.5,0.375,0.0
12,2022-10-16,Main,12.18,DRX,Rogue__28-European_Team_29-,DRX,1,91.0109680748235,0.20000000000000007,0.30000000000000004,0.28421052631578947,-1,0,0.0,0.7272727272727273,0.18181818181818182
12,2022-10-16,Main,12.18,Top_Esports,DRX,Top_Esports,1,-97.59992565557718,-0.6,-0.6000000000000001,-0.1499999999999999,0,1,0.16666666666666663,0.5,0.625
12,2022-10-17,Main,12.18,Gen_2e-G,Royal_Never_Give_Up,Gen_2e-G,1,-70.74636582817925,-0.19999999999999996,-0.30000000000000004,-0.04999999999999993,-33,0,-0.5,0.5789473684210527,0.5277777777777778
12,2022-10-17,Main,12.18,Royal_Never_Give_Up,Gen_2e-G,Gen_2e-G,0,32.31897293224688,-0.19999999999999996,0.10000000000000009,0.0,33,0,0.25,0.7272727272727273,0.5294117647058824
12,2022-10-20,Main,12.18,Rogue__28-European_Team_29-,JD_Gaming,JD_Gaming,0,-118.17876211585985,-0.4,-0.19999999999999996,-0.2970588235294118,4,-1,-0.5,0.6666666666666666,0.75
12,2022-10-20,Main,12.18,Rogue__28-European_Team_29-,JD_Gaming,JD_Gaming,0,-139.69531985680146,-0.6000000000000001,-0.4,-0.31666666666666665,4,0,-0.5,0.6,0.7777777777777778
12,2022-10-20,Main,12.18,JD_Gaming,Rogue__28-European_Team_29-,JD_Gaming,1,159.48017114944082,0.6000000000000001,0.5,0.3342105263157895,-4,0,0.5,0.5555555555555556,0.16666666666666666
12,2022-10-21,Main,12.18,Royal_Never_Give_Up,T1,T1,0,-38.148602859430866,-0.4,0.0,-0.050000000000000044,51,-4,0.0,0.7058823529411765,0.7272727272727273
12,2022-10-21,Main,12.18,Royal_Never_Give_Up,T1,T1,0,-66.6490391543557,-0.6,-0.20000000000000007,-0.09999999999999998,51,0,-0.5,0.6857142857142857,0.75
12,2022-10-21,Main,12.18,T1,Royal_Never_Give_Up,T1,1,92.58464239026807,0.8,0.20000000000000007,0.15000000000000002,-51,0,0.5,0.7777777777777778,0.5135135135135135
12,2022-10-22,Main,12.18,DWG_KIA,Gen_2e-G,DWG_KIA,1,79.75549214428975,-0.19999999999999996,-0.10000000000000009,-0.04999999999999993,23,2,0.0,0.7586206896551724,0.5555555555555556
12,2022-10-22,Main,12.18,DWG_KIA,Gen_2e-G,Gen_2e-G,0,104.53610604083451,0.0,0.0,0.0,23,0,0.5,0.7666666666666667,0.5263157894736842
12,2022-10-22,Main,12.18,Gen_2e-G,DWG_KIA,Gen_2e-G,1,-63.188365159403475,0.20000000000000007,0.09999999999999998,0.050000000000000044,-23,0,0.0,0.6,0.75
12,2022-10-23,Main,12.18,DRX,EDward_Gaming,DRX,1,-57.32738508423881,0.0,0.20000000000000007,0.050000000000000044,-61,-3,0.0,0.75,0.5
12,2022-10-23,Main,12.18,DRX,EDward_Gaming,EDward_Gaming,0,-20.09473893828863,0.20000000000000007,0.30000000000000004,0.09999999999999998,-61,0,0.5,0.7692307692307693,0.4883720930232558
12,2022-10-23,Main,12.18,DRX,EDward_Gaming,EDward_Gaming,0,-50.246006057815976,0.0,0.09999999999999998,0.050000000000000044,-61,0,0.0,0.7142857142857143,0.5
12,2022-10-23,Main,12.18,Gen_2e-G,DWG_KIA,Gen_2e-G,1,-25.431831683874407,0.4,0.20000000000000007,0.1499999999999999,-23,0,0.16666666666666663,0.6190476190476191,0.7272727272727273
12,2022-10-23,Main,12.18,Gen_2e-G,DWG_KIA,DWG_KIA,0,8.906352033625808,0.4,0.4,0.25,-23,0,0.25,0.6363636363636364,0.7058823529411765
12,2022-10-24,Main,12.18,EDward_Gaming,DRX,DRX,0,77.65017365351969,0.4,0.09999999999999998,-0.050000000000000044,61,0,0.16666666666666663,0.6,0.5555555555555556
12,2022-10-24,Main,12.18,EDward_Gaming,DRX,DRX,0,38.61507475331655,0.19999999999999996,-0.09999999999999998,-0.050000000000000044,61,0,0.0,0.5853658536585366,0.6
12,2022-10-29,Main,12.18,JD_Gaming,T1,T1,0,-66.08456778469304,-0.19999999999999996,0.09999999999999998,-0.10000000000000009,-3,1,0.0,0.6,0.7692307692307693
12,2022-10-29,Main,12.18,T1,JD_Gaming,T1,1,92.07030893956858,0.4,0.09999999999999998,0.10000000000000009,3,0,0.5,0.8,0.8
12,2022-10-29,Main,12.18,T1,JD_Gaming,JD_Gaming,0,115.78340019001894,0.4,0.30000000000000004,0.15000000000000002,3,0,0.5,0.8181818181818182,0.7272727272727273
12,2022-10-30,Main,12.18,Gen_2e-G,DRX,DRX,0,45.85211418664812,0.0,0.10000000000000009,0.04999999999999993,17,1,0.0,0.6086956521739131,0.6363636363636364
12,2022-10-30,Main,12.18,DRX,Gen_2e-G,DRX,1,-9.65332672471959,0.0,0.0,0.04999999999999993,-17,0,0.5,0.6666666666666666,0.55
12,2022-10-30,Main,12.18,Gen_2e-G,DRX,Gen_2e-G,1,-23.235548804574137,-0.4,-0.09999999999999998,-0.15000000000000002,17,0,-0.5,0.5833333333333334,0.6666666666666666
12,2022-10-30,Main,12.18,JD_Gaming,T1,T1,0,-73.49734308901293,-0.20000000000000007,-0.20000000000000007,-0.09999999999999998,-3,0,-0.16666666666666669,0.5454545454545454,0.7857142857142857
12,2022-10-31,Main,12.18,Gen_2e-G,DRX,DRX,0,10.901339482058575,-0.4,0.0,-0.15000000000000002,17,0,-0.16666666666666669,0.6,0.6153846153846154
12,2022-11-06,Main,12.18,T1,DRX,DRX,0,74.87723852051727,0.0,0.30000000000000004,0.0,-3,1,0.0,0.75,0.6428571428571429
12,2022-11-06,Main,12.18,DRX,T1,DRX,1,-36.085614424834375,0.20000000000000007,-0.10000000000000009,0.050000000000000044,3,0,0.5,0.6875,0.8
12,2022-11-06,Main,12.18,T1,DRX,T1,1,0.7739062734865456,-0.4,0.0,-0.09999999999999998,-3,0,-0.5,0.6923076923076923,0.6666666666666666
12,2022-11-06,Main,12.18,DRX,T1,DRX,1,-32.70262698942656,0.19999999999999996,0.0,0.0,3,0,0.16666666666666663,0.7058823529411765,0.75
12,2022-11-06,Main,12.18,T1,DRX,T1,1,-2.3005325177189206,-0.4,-0.20000000000000007,0.0,-3,0,-0.25,0.7142857142857143,0.625
